,Sim_time,Rec_time,Autopilot,Event,Intensity
0,1:35:16.922898,5.6514599323272705,True,Collision with 'Vehicle',3699.9804088186597
1,1:35:16.972898,6.168656826019287,True,Collision with 'Vehicle',291.0315500414159
2,1:35:16.972898,6.168656826019287,True,Collision with 'Vehicle',506.412483563227
3,1:35:17.022898,6.168656826019287,True,Collision with 'Vehicle',178.11153742172954
4,1:35:17.022898,6.168656826019287,True,Collision with 'Vehicle',196.34753791368323
5,1:35:17.022898,6.168656826019287,True,Collision with 'Vehicle',154.69144156296127
6,1:35:17.022898,6.168656826019287,True,Collision with 'Vehicle',158.26506765645627
7,1:35:17.022898,6.168656826019287,True,Collision with 'Vehicle',100.49926239688217
8,1:35:17.072898,6.168656826019287,True,Collision with 'Vehicle',92.72523016458064
9,1:35:17.072898,6.168656826019287,True,Collision with 'Vehicle',118.71525841787005
10,1:35:17.072898,6.168656826019287,True,Collision with 'Vehicle',131.64483226742246
11,1:35:17.072898,6.168656826019287,True,Collision with 'Vehicle',159.635063659505
12,1:35:17.072898,6.168656826019287,True,Collision with 'Vehicle',118.17672919325506
13,1:35:17.122898,6.168656826019287,True,Collision with 'Vehicle',155.30001271688792
14,1:35:17.122898,6.168656826019287,True,Collision with 'Vehicle',148.9369416301677
15,1:35:17.122898,6.168656826019287,True,Collision with 'Vehicle',81.12302420763226
16,1:35:17.122898,6.168656826019287,True,Collision with 'Vehicle',128.84597812481832
17,1:35:17.122898,6.168656826019287,True,Collision with 'Vehicle',119.64528471354518
18,1:35:17.172898,6.168656826019287,True,Collision with 'Vehicle',148.6314904355224
19,1:35:17.172898,6.168656826019287,True,Collision with 'Vehicle',114.03789233122981
20,1:35:17.172898,6.168656826019287,True,Collision with 'Vehicle',86.60105656076897
21,1:35:17.172898,6.168656826019287,True,Collision with 'Vehicle',129.99128287429784
22,1:35:17.172898,6.168656826019287,True,Collision with 'Vehicle',1.90622414823439
23,1:35:17.272898,6.168656826019287,True,Collision with 'Vehicle',122.8524959792155
24,1:35:17.272898,6.168656826019287,True,Collision with 'Vehicle',99.74078630281532
25,1:35:17.272898,6.168656826019287,True,Collision with 'Vehicle',137.9974142891489
26,1:35:17.272898,6.168656826019287,True,Collision with 'Vehicle',95.74660895001047
27,1:35:17.272898,6.168656826019287,True,Collision with 'Vehicle',96.66893974791364
28,1:35:17.272898,6.168656826019287,True,Collision with 'Vehicle',134.655277954205
29,1:35:17.272898,6.168656826019287,True,Collision with 'Vehicle',110.88411150956753
30,1:35:17.272898,6.168656826019287,True,Collision with 'Vehicle',81.45501648572515
31,1:35:17.272898,6.168656826019287,True,Collision with 'Vehicle',96.83648020563867
32,1:35:17.272898,6.168656826019287,True,Collision with 'Vehicle',54.200257640694716
33,1:35:17.322898,6.168656826019287,True,Collision with 'Vehicle',43.53375345823841
34,1:35:17.322898,6.168656826019287,True,Collision with 'Vehicle',117.03956027178705
35,1:35:17.322898,6.168656826019287,True,Collision with 'Vehicle',86.24770048686717
36,1:35:17.322898,6.168656826019287,True,Collision with 'Vehicle',41.882454108626106
37,1:35:17.322898,6.168656826019287,True,Collision with 'Vehicle',98.61928231339826
38,1:35:17.372898,6.168656826019287,True,Collision with 'Vehicle',96.78236141794814
39,1:35:17.372898,6.168656826019287,True,Collision with 'Vehicle',42.5961525085178
40,1:35:17.372898,6.168656826019287,True,Collision with 'Vehicle',90.82917839486734
41,1:35:17.372898,6.168656826019287,True,Collision with 'Vehicle',84.15934968480006
42,1:35:17.372898,6.168656826019287,True,Collision with 'Vehicle',79.98025548331186
43,1:35:17.422898,6.168656826019287,True,Collision with 'Vehicle',81.0311162773282
44,1:35:17.422898,6.168656826019287,True,Collision with 'Vehicle',79.27574386696408
45,1:35:17.422898,6.168656826019287,True,Collision with 'Vehicle',99.66761823253478
46,1:35:17.422898,6.168656826019287,True,Collision with 'Vehicle',48.377812241053256
47,1:35:17.422898,6.168656826019287,True,Collision with 'Vehicle',47.53390199390661
48,1:35:17.472898,6.168656826019287,True,Collision with 'Vehicle',111.34912244210139
49,1:35:17.472898,6.168656826019287,True,Collision with 'Vehicle',32.08916970912096
50,1:35:17.472898,6.168656826019287,True,Collision with 'Vehicle',41.09724600666913
51,1:35:17.472898,6.168656826019287,True,Collision with 'Vehicle',122.45964921002322
52,1:35:17.472898,6.168656826019287,True,Collision with 'Vehicle',114.3103282016481
53,1:35:17.522898,6.168656826019287,True,Collision with 'Vehicle',102.56121531988416
54,1:35:17.522898,6.168656826019287,True,Collision with 'Vehicle',79.81902764027255
55,1:35:17.522898,6.168656826019287,True,Collision with 'Vehicle',34.90791998918008
56,1:35:17.522898,6.168656826019287,True,Collision with 'Vehicle',27.31200476590106
57,1:35:17.572898,6.168656826019287,True,Collision with 'Vehicle',101.11953215240776
58,1:35:17.572898,6.168656826019287,True,Collision with 'Vehicle',144.42994244586552
59,1:35:17.572898,6.168656826019287,True,Collision with 'Vehicle',5.715582528418581
60,1:35:17.572898,6.168656826019287,True,Collision with 'Vehicle',108.20017647322469
61,1:35:17.572898,6.168656826019287,True,Collision with 'Vehicle',71.97101157023546
62,1:35:17.572898,6.168656826019287,True,Collision with 'Vehicle',43.07066002160882
63,1:35:17.622898,6.168656826019287,True,Collision with 'Vehicle',87.21969208156064
64,1:35:17.622898,6.168656826019287,True,Collision with 'Vehicle',49.33952868763475
65,1:35:17.622898,6.168656826019287,True,Collision with 'Vehicle',28.47892127064396
66,1:35:17.622898,6.168656826019287,True,Collision with 'Vehicle',96.94542558431472
67,1:35:17.622898,6.168656826019287,True,Collision with 'Vehicle',103.1242217524571
68,1:35:17.672898,6.168656826019287,True,Collision with 'Vehicle',28.987283023053784
69,1:35:17.672898,6.168656826019287,True,Collision with 'Vehicle',78.05064040188412
70,1:35:17.672898,6.168656826019287,True,Collision with 'Vehicle',91.58310631090153
71,1:35:17.672898,6.168656826019287,True,Collision with 'Vehicle',141.8877348510367
72,1:35:17.722898,6.168656826019287,True,Collision with 'Vehicle',91.57314153498366
73,1:35:17.722898,6.168656826019287,True,Collision with 'Vehicle',112.15002617833457
74,1:35:17.722898,6.168656826019287,True,Collision with 'Vehicle',83.3190918718631
75,1:35:17.722898,6.168656826019287,True,Collision with 'Vehicle',49.34095615148567
76,1:35:17.772898,6.678909540176392,True,Collision with 'Vehicle',43.74583747307382
77,1:35:17.772898,6.678909540176392,True,Collision with 'Vehicle',121.94198946149568
78,1:35:17.772898,6.678909540176392,True,Collision with 'Vehicle',89.35200483617157
79,1:35:17.772898,6.678909540176392,True,Collision with 'Vehicle',53.411552187421385
80,1:35:17.772898,6.678909540176392,True,Collision with 'Vehicle',40.05324378801299
81,1:35:17.822898,6.678909540176392,True,Collision with 'Vehicle',92.88215282489952
82,1:35:17.822898,6.678909540176392,True,Collision with 'Vehicle',113.08997407047782
83,1:35:17.822898,6.678909540176392,True,Collision with 'Vehicle',55.01473798659822
84,1:35:17.822898,6.678909540176392,True,Collision with 'Vehicle',79.434483206851
85,1:35:17.822898,6.678909540176392,True,Collision with 'Vehicle',90.45977665065064
86,1:35:17.872898,6.678909540176392,True,Collision with 'Vehicle',81.07786499822186
87,1:35:17.872898,6.678909540176392,True,Collision with 'Vehicle',87.23118010953814
88,1:35:17.872898,6.678909540176392,True,Collision with 'Vehicle',49.06641835908833
89,1:35:17.872898,6.678909540176392,True,Collision with 'Vehicle',76.04376845921331
90,1:35:17.872898,6.678909540176392,True,Collision with 'Vehicle',48.156389040289945
91,1:35:17.922898,6.678909540176392,True,Collision with 'Vehicle',105.37368268703295
92,1:35:17.922898,6.678909540176392,True,Collision with 'Vehicle',80.00611581536471
93,1:35:17.922898,6.678909540176392,True,Collision with 'Vehicle',81.00422603514811
94,1:35:17.922898,6.678909540176392,True,Collision with 'Vehicle',24.7759453658737
95,1:35:17.922898,6.678909540176392,True,Collision with 'Vehicle',80.12435691016411
96,1:35:17.972898,6.678909540176392,True,Collision with 'Vehicle',88.87829259481877
97,1:35:17.972898,6.678909540176392,True,Collision with 'Vehicle',78.92663721956069
98,1:35:17.972898,6.678909540176392,True,Collision with 'Vehicle',37.58070220332497
99,1:35:17.972898,6.678909540176392,True,Collision with 'Vehicle',96.64688369584862
100,1:35:17.972898,6.678909540176392,True,Collision with 'Vehicle',36.043847813768295
101,1:35:18.022898,6.678909540176392,True,Collision with 'Vehicle',41.35400189107173
102,1:35:18.022898,6.678909540176392,True,Collision with 'Vehicle',104.70846977096217
103,1:35:18.022898,6.678909540176392,True,Collision with 'Vehicle',84.20900081442578
104,1:35:18.022898,6.678909540176392,True,Collision with 'Vehicle',35.882814262102876
105,1:35:18.022898,6.678909540176392,True,Collision with 'Vehicle',61.23471752789547
106,1:35:18.072898,6.678909540176392,True,Collision with 'Vehicle',91.69084416866646
107,1:35:18.072898,6.678909540176392,True,Collision with 'Vehicle',114.8495700030826
108,1:35:18.072898,6.678909540176392,True,Collision with 'Vehicle',41.49953223796145
109,1:35:18.072898,6.678909540176392,True,Collision with 'Vehicle',107.61470950875075
110,1:35:18.072898,6.678909540176392,True,Collision with 'Vehicle',47.94267811613731
111,1:35:18.122898,6.678909540176392,True,Collision with 'Vehicle',88.89413132896516
112,1:35:18.122898,6.678909540176392,True,Collision with 'Vehicle',59.627197059536805
113,1:35:18.122898,6.678909540176392,True,Collision with 'Vehicle',119.39896691400968
114,1:35:18.122898,6.678909540176392,True,Collision with 'Vehicle',96.22783421553524
115,1:35:18.122898,6.678909540176392,True,Collision with 'Vehicle',24.71789377731239
116,1:35:18.172898,6.678909540176392,True,Collision with 'Vehicle',42.73741237594737
117,1:35:18.172898,6.678909540176392,True,Collision with 'Vehicle',122.01622423457484
118,1:35:18.172898,6.678909540176392,True,Collision with 'Vehicle',26.61957795521809
119,1:35:18.172898,6.678909540176392,True,Collision with 'Vehicle',75.22539978097504
120,1:35:18.172898,6.678909540176392,True,Collision with 'Vehicle',92.3518076924973
121,1:35:18.222898,6.678909540176392,True,Collision with 'Vehicle',14.074754514072492
122,1:35:18.222898,6.678909540176392,True,Collision with 'Vehicle',94.01918064831013
123,1:35:18.222898,6.678909540176392,True,Collision with 'Vehicle',61.64011656367014
124,1:35:18.222898,6.678909540176392,True,Collision with 'Vehicle',40.24711109371703
125,1:35:18.222898,6.678909540176392,True,Collision with 'Vehicle',88.63601622810002
126,1:35:18.272898,6.678909540176392,True,Collision with 'Vehicle',110.4343034179157
127,1:35:18.272898,6.678909540176392,True,Collision with 'Vehicle',54.613300299512154
128,1:35:18.272898,6.678909540176392,True,Collision with 'Vehicle',107.80674539241724
129,1:35:18.272898,6.678909540176392,True,Collision with 'Vehicle',32.007053180331376
130,1:35:18.272898,6.678909540176392,True,Collision with 'Vehicle',91.33892688325741
131,1:35:18.322898,6.678909540176392,True,Collision with 'Vehicle',85.67697374945313
132,1:35:18.322898,6.678909540176392,True,Collision with 'Vehicle',32.735571571055424
133,1:35:18.322898,6.678909540176392,True,Collision with 'Vehicle',90.42726303684628
134,1:35:18.322898,6.678909540176392,True,Collision with 'Vehicle',88.18757865716415
135,1:35:18.322898,6.678909540176392,True,Collision with 'Vehicle',115.61378246325592
136,1:35:18.372898,6.678909540176392,True,Collision with 'Vehicle',29.045740583480395
137,1:35:18.372898,6.678909540176392,True,Collision with 'Vehicle',58.495982701515885
138,1:35:18.372898,6.678909540176392,True,Collision with 'Vehicle',87.21918177099353
139,1:35:18.372898,6.678909540176392,True,Collision with 'Vehicle',88.43141149340552
140,1:35:18.372898,6.678909540176392,True,Collision with 'Vehicle',23.660595057107706
141,1:35:18.422898,6.678909540176392,True,Collision with 'Vehicle',42.72634862599905
142,1:35:18.422898,6.678909540176392,True,Collision with 'Vehicle',123.19263253157649
143,1:35:18.422898,6.678909540176392,True,Collision with 'Vehicle',98.52367857061164
144,1:35:18.422898,6.678909540176392,True,Collision with 'Vehicle',53.81188181173945
145,1:35:18.422898,6.678909540176392,True,Collision with 'Vehicle',40.96979834600478
146,1:35:18.472898,6.678909540176392,True,Collision with 'Vehicle',123.22497452385409
147,1:35:18.472898,6.678909540176392,True,Collision with 'Vehicle',85.64592102406834
148,1:35:18.472898,6.678909540176392,True,Collision with 'Vehicle',47.53261383284647
149,1:35:18.472898,6.678909540176392,True,Collision with 'Vehicle',49.409592951017885
150,1:35:18.472898,6.678909540176392,True,Collision with 'Vehicle',77.35395283060357
151,1:35:18.522898,6.678909540176392,True,Collision with 'Vehicle',80.00323580624517
152,1:35:18.522898,6.678909540176392,True,Collision with 'Vehicle',51.94529449689371
153,1:35:18.522898,6.678909540176392,True,Collision with 'Vehicle',88.42983653367658
154,1:35:18.522898,6.678909540176392,True,Collision with 'Vehicle',39.081370204329566
155,1:35:18.522898,6.678909540176392,True,Collision with 'Vehicle',102.53775777039091
156,1:35:18.572898,6.678909540176392,True,Collision with 'Vehicle',91.21746752761919
157,1:35:18.572898,6.678909540176392,True,Collision with 'Vehicle',114.76544703969007
158,1:35:18.572898,6.678909540176392,True,Collision with 'Vehicle',64.9244638600084
159,1:35:18.572898,6.678909540176392,True,Collision with 'Vehicle',22.029006014586272
160,1:35:18.572898,6.678909540176392,True,Collision with 'Vehicle',125.99768568599653
161,1:35:18.622898,7.1834917068481445,True,Collision with 'Vehicle',36.56453711883166
162,1:35:18.622898,7.1834917068481445,True,Collision with 'Vehicle',27.02138622500485
163,1:35:18.622898,7.1834917068481445,True,Collision with 'Vehicle',96.70732950379303
164,1:35:18.622898,7.1834917068481445,True,Collision with 'Vehicle',138.17781987143815
165,1:35:18.672898,7.1834917068481445,True,Collision with 'Vehicle',58.07058114538437
166,1:35:18.672898,7.1834917068481445,True,Collision with 'Vehicle',71.46122354181851
167,1:35:18.672898,7.1834917068481445,True,Collision with 'Vehicle',136.70024033376956
168,1:35:18.672898,7.1834917068481445,True,Collision with 'Vehicle',53.341974466996405
169,1:35:18.722898,7.1834917068481445,True,Collision with 'Vehicle',57.60145490621263
170,1:35:18.722898,7.1834917068481445,True,Collision with 'Vehicle',91.43368779027024
171,1:35:18.722898,7.1834917068481445,True,Collision with 'Vehicle',49.97888453274688
172,1:35:18.722898,7.1834917068481445,True,Collision with 'Vehicle',83.89117111467681
173,1:35:18.722898,7.1834917068481445,True,Collision with 'Vehicle',83.79679929033261
174,1:35:18.772898,7.1834917068481445,True,Collision with 'Vehicle',79.98793058099277
175,1:35:18.772898,7.1834917068481445,True,Collision with 'Vehicle',41.748677848469995
176,1:35:18.772898,7.1834917068481445,True,Collision with 'Vehicle',84.83581830699522
177,1:35:18.772898,7.1834917068481445,True,Collision with 'Vehicle',85.08237651201509
178,1:35:18.772898,7.1834917068481445,True,Collision with 'Vehicle',49.67017667984648
179,1:35:18.822898,7.1834917068481445,True,Collision with 'Vehicle',88.10644768788377
180,1:35:18.822898,7.1834917068481445,True,Collision with 'Vehicle',61.45475005130481
181,1:35:18.822898,7.1834917068481445,True,Collision with 'Vehicle',79.18082233122503
182,1:35:18.822898,7.1834917068481445,True,Collision with 'Vehicle',31.070332930661948
183,1:35:18.822898,7.1834917068481445,True,Collision with 'Vehicle',90.71281835175418
184,1:35:18.872898,7.1834917068481445,True,Collision with 'Vehicle',87.17440109669971
185,1:35:18.872898,7.1834917068481445,True,Collision with 'Vehicle',37.001187027401286
186,1:35:18.872898,7.1834917068481445,True,Collision with 'Vehicle',52.63309126962138
187,1:35:18.872898,7.1834917068481445,True,Collision with 'Vehicle',94.82421363957755
188,1:35:18.872898,7.1834917068481445,True,Collision with 'Vehicle',109.336637469967
189,1:35:18.922898,7.1834917068481445,True,Collision with 'Vehicle',103.51999578348565
190,1:35:18.922898,7.1834917068481445,True,Collision with 'Vehicle',75.57102781417942
191,1:35:18.922898,7.1834917068481445,True,Collision with 'Vehicle',15.571656015920826
192,1:35:18.922898,7.1834917068481445,True,Collision with 'Vehicle',84.41101276212069
193,1:35:18.922898,7.1834917068481445,True,Collision with 'Vehicle',73.25684024631455
194,1:35:18.972898,7.1834917068481445,True,Collision with 'Vehicle',83.61748902739882
195,1:35:18.972898,7.1834917068481445,True,Collision with 'Vehicle',64.2889260018116
196,1:35:19.022898,7.1834917068481445,True,Collision with 'Vehicle',21.49892145496036
197,1:35:19.022898,7.1834917068481445,True,Collision with 'Vehicle',121.61809709053492
198,1:35:19.022898,7.1834917068481445,True,Collision with 'Vehicle',46.1292326504658
199,1:35:19.022898,7.1834917068481445,True,Collision with 'Vehicle',30.221368361926363
200,1:35:19.022898,7.1834917068481445,True,Collision with 'Vehicle',97.53103795173995
201,1:35:19.022898,7.1834917068481445,True,Collision with 'Vehicle',36.040458801001485
202,1:35:19.022898,7.1834917068481445,True,Collision with 'Vehicle',88.8416822577057
203,1:35:19.022898,7.1834917068481445,True,Collision with 'Vehicle',90.06161095559614
204,1:35:19.072898,7.1834917068481445,True,Collision with 'Vehicle',62.15771702366922
205,1:35:19.072898,7.1834917068481445,True,Collision with 'Vehicle',85.37132304319722
206,1:35:19.072898,7.1834917068481445,True,Collision with 'Vehicle',67.34302882236868
207,1:35:19.072898,7.1834917068481445,True,Collision with 'Vehicle',43.22795820301768
208,1:35:19.072898,7.1834917068481445,True,Collision with 'Vehicle',87.11795610610247
209,1:35:19.122898,7.1834917068481445,True,Collision with 'Vehicle',84.62250299186643
210,1:35:19.122898,7.1834917068481445,True,Collision with 'Vehicle',96.82222026798877
211,1:35:19.122898,7.1834917068481445,True,Collision with 'Vehicle',44.65345286860424
212,1:35:19.122898,7.1834917068481445,True,Collision with 'Vehicle',80.00254167847136
213,1:35:19.122898,7.1834917068481445,True,Collision with 'Vehicle',84.1218736821812
214,1:35:19.172898,7.1834917068481445,True,Collision with 'Vehicle',81.04200218897832
215,1:35:19.172898,7.1834917068481445,True,Collision with 'Vehicle',40.32671753867191
216,1:35:19.172898,7.1834917068481445,True,Collision with 'Vehicle',86.69675567069991
217,1:35:19.172898,7.1834917068481445,True,Collision with 'Vehicle',84.96438877670627
218,1:35:19.172898,7.1834917068481445,True,Collision with 'Vehicle',25.869053305334546
219,1:35:19.222898,7.1834917068481445,True,Collision with 'Vehicle',42.708507214673766
220,1:35:19.222898,7.1834917068481445,True,Collision with 'Vehicle',106.69888025834796
221,1:35:19.222898,7.1834917068481445,True,Collision with 'Vehicle',91.27860677816672
222,1:35:19.222898,7.1834917068481445,True,Collision with 'Vehicle',49.2435893041427
223,1:35:19.222898,7.1834917068481445,True,Collision with 'Vehicle',41.919984892607275
224,1:35:19.272898,7.1834917068481445,True,Collision with 'Vehicle',87.97004387278949
225,1:35:19.272898,7.1834917068481445,True,Collision with 'Vehicle',62.6117354674459
226,1:35:19.272898,7.1834917068481445,True,Collision with 'Vehicle',28.62476321816545
227,1:35:19.272898,7.1834917068481445,True,Collision with 'Vehicle',120.63888595845822
228,1:35:19.272898,7.1834917068481445,True,Collision with 'Vehicle',116.00440682455765
229,1:35:19.322898,7.1834917068481445,True,Collision with 'Vehicle',73.82916182925355
230,1:35:19.322898,7.1834917068481445,True,Collision with 'Vehicle',10.140417258373908
231,1:35:19.322898,7.1834917068481445,True,Collision with 'Vehicle',95.93232666045837
232,1:35:19.322898,7.1834917068481445,True,Collision with 'Vehicle',64.75496887274917
233,1:35:19.322898,7.1834917068481445,True,Collision with 'Vehicle',70.73133264433017
234,1:35:19.372898,7.1834917068481445,True,Collision with 'Vehicle',26.38062085252659
235,1:35:19.372898,7.1834917068481445,True,Collision with 'Vehicle',91.46256896610716
236,1:35:19.372898,7.1834917068481445,True,Collision with 'Vehicle',61.870526460040125
237,1:35:19.372898,7.1834917068481445,True,Collision with 'Vehicle',96.59119030195392
238,1:35:19.372898,7.1834917068481445,True,Collision with 'Vehicle',77.15396565057321
239,1:35:19.422898,7.1834917068481445,True,Collision with 'Vehicle',79.27483055811781
240,1:35:19.422898,7.1834917068481445,True,Collision with 'Vehicle',70.15176562787379
241,1:35:19.422898,7.1834917068481445,True,Collision with 'Vehicle',43.40524841992992
242,1:35:19.422898,7.1834917068481445,True,Collision with 'Vehicle',85.16908152338935
243,1:35:19.422898,7.1834917068481445,True,Collision with 'Vehicle',24.15829936013505
244,1:35:19.472898,7.7112202644348145,True,Collision with 'Vehicle',67.04896595351124
245,1:35:19.472898,7.7112202644348145,True,Collision with 'Vehicle',97.42429667153638
246,1:35:19.472898,7.7112202644348145,True,Collision with 'Vehicle',77.98271429917803
247,1:35:19.472898,7.7112202644348145,True,Collision with 'Vehicle',72.32565783553078
248,1:35:19.472898,7.7112202644348145,True,Collision with 'Vehicle',86.33349351424454
249,1:35:19.522898,7.7112202644348145,True,Collision with 'Vehicle',24.992417396672636
250,1:35:19.522898,7.7112202644348145,True,Collision with 'Vehicle',46.596438316657405
251,1:35:19.522898,7.7112202644348145,True,Collision with 'Vehicle',93.10720481478533
252,1:35:19.522898,7.7112202644348145,True,Collision with 'Vehicle',69.65789762019001
253,1:35:19.522898,7.7112202644348145,True,Collision with 'Vehicle',109.27032938257132
254,1:35:19.572898,7.7112202644348145,True,Collision with 'Vehicle',53.85609212465828
255,1:35:19.572898,7.7112202644348145,True,Collision with 'Vehicle',23.997299293579623
256,1:35:19.572898,7.7112202644348145,True,Collision with 'Vehicle',103.98577248685783
257,1:35:19.572898,7.7112202644348145,True,Collision with 'Vehicle',86.9595108870373
258,1:35:19.572898,7.7112202644348145,True,Collision with 'Vehicle',32.96062117886779
259,1:35:19.622898,7.7112202644348145,True,Collision with 'Vehicle',72.65655081432101
260,1:35:19.622898,7.7112202644348145,True,Collision with 'Vehicle',92.98056636487725
261,1:35:19.622898,7.7112202644348145,True,Collision with 'Vehicle',91.09140624846238
262,1:35:19.622898,7.7112202644348145,True,Collision with 'Vehicle',30.048027874624
263,1:35:19.622898,7.7112202644348145,True,Collision with 'Vehicle',110.13937195048399
264,1:35:19.672898,7.7112202644348145,True,Collision with 'Vehicle',44.78556743960683
265,1:35:19.672898,7.7112202644348145,True,Collision with 'Vehicle',85.78295302447243
266,1:35:19.672898,7.7112202644348145,True,Collision with 'Vehicle',88.63849405147668
267,1:35:19.672898,7.7112202644348145,True,Collision with 'Vehicle',77.12893342737914
268,1:35:19.672898,7.7112202644348145,True,Collision with 'Vehicle',26.61091334255416
269,1:35:19.722898,7.7112202644348145,True,Collision with 'Vehicle',88.86473614830247
270,1:35:19.722898,7.7112202644348145,True,Collision with 'Vehicle',104.03461656339327
271,1:35:19.722898,7.7112202644348145,True,Collision with 'Vehicle',79.19155844460808
272,1:35:19.722898,7.7112202644348145,True,Collision with 'Vehicle',124.42097226596005
273,1:35:19.772898,7.7112202644348145,True,Collision with 'Vehicle',70.27559996354128
274,1:35:19.772898,7.7112202644348145,True,Collision with 'Vehicle',42.93706398203309
275,1:35:19.772898,7.7112202644348145,True,Collision with 'Vehicle',84.0190847762479
276,1:35:19.772898,7.7112202644348145,True,Collision with 'Vehicle',27.91663091914914
277,1:35:19.772898,7.7112202644348145,True,Collision with 'Vehicle',38.79526233642774
278,1:35:19.822898,7.7112202644348145,True,Collision with 'Vehicle',98.33918348812618
279,1:35:19.822898,7.7112202644348145,True,Collision with 'Vehicle',137.73987090841078
280,1:35:19.822898,7.7112202644348145,True,Collision with 'Vehicle',42.99112837455422
281,1:35:19.822898,7.7112202644348145,True,Collision with 'Vehicle',54.24087855325096
282,1:35:19.822898,7.7112202644348145,True,Collision with 'Vehicle',61.308912490133615
283,1:35:19.872898,7.7112202644348145,True,Collision with 'Vehicle',122.43838550427748
284,1:35:19.872898,7.7112202644348145,True,Collision with 'Vehicle',83.69666078679737
285,1:35:19.872898,7.7112202644348145,True,Collision with 'Vehicle',23.816179279663995
286,1:35:19.872898,7.7112202644348145,True,Collision with 'Vehicle',105.04650471399256
287,1:35:19.872898,7.7112202644348145,True,Collision with 'Vehicle',40.02637981331819
288,1:35:19.922898,7.7112202644348145,True,Collision with 'Vehicle',35.272465949094176
289,1:35:19.922898,7.7112202644348145,True,Collision with 'Vehicle',101.91072041019268
290,1:35:19.922898,7.7112202644348145,True,Collision with 'Vehicle',82.77511666929027
291,1:35:19.922898,7.7112202644348145,True,Collision with 'Vehicle',4.572451881738717
292,1:35:19.922898,7.7112202644348145,True,Collision with 'Vehicle',120.33087286111987
293,1:35:19.972898,7.7112202644348145,True,Collision with 'Vehicle',125.30216409953502
294,1:35:19.972898,7.7112202644348145,True,Collision with 'Vehicle',74.49982658322325
295,1:35:19.972898,7.7112202644348145,True,Collision with 'Vehicle',119.10283167823884
296,1:35:19.972898,7.7112202644348145,True,Collision with 'Vehicle',102.70114959234265
297,1:35:20.022898,7.7112202644348145,True,Collision with 'Vehicle',53.41384303829393
298,1:35:20.022898,7.7112202644348145,True,Collision with 'Vehicle',110.31756657832254
299,1:35:20.022898,7.7112202644348145,True,Collision with 'Vehicle',55.163579195163614
300,1:35:20.022898,7.7112202644348145,True,Collision with 'Vehicle',70.96306558721733
301,1:35:20.072898,7.7112202644348145,True,Collision with 'Vehicle',75.5058456686004
302,1:35:20.072898,7.7112202644348145,True,Collision with 'Vehicle',86.13316511886805
303,1:35:20.072898,7.7112202644348145,True,Collision with 'Vehicle',90.9456861223912
304,1:35:20.072898,7.7112202644348145,True,Collision with 'Vehicle',96.9393831971246
305,1:35:20.122898,7.7112202644348145,True,Collision with 'Vehicle',105.68058684941049
306,1:35:20.122898,7.7112202644348145,True,Collision with 'Vehicle',77.24541275531386
307,1:35:20.122898,7.7112202644348145,True,Collision with 'Vehicle',55.417186194025874
308,1:35:20.122898,7.7112202644348145,True,Collision with 'Vehicle',77.56746954117156
309,1:35:20.172898,7.7112202644348145,True,Collision with 'Vehicle',116.38664217547921
310,1:35:20.172898,7.7112202644348145,True,Collision with 'Vehicle',87.97579021237482
311,1:35:20.172898,7.7112202644348145,True,Collision with 'Vehicle',34.068604569101986
312,1:35:20.172898,7.7112202644348145,True,Collision with 'Vehicle',96.36816302282983
313,1:35:20.222898,7.7112202644348145,True,Collision with 'Vehicle',37.793282697357775
314,1:35:20.222898,7.7112202644348145,True,Collision with 'Vehicle',21.180654529043764
315,1:35:20.222898,7.7112202644348145,True,Collision with 'Vehicle',131.91557723297626
316,1:35:20.222898,7.7112202644348145,True,Collision with 'Vehicle',93.53945880027925
317,1:35:20.272898,7.7112202644348145,True,Collision with 'Vehicle',72.33866220037386
318,1:35:20.272898,7.7112202644348145,True,Collision with 'Vehicle',93.5355139597191
319,1:35:20.272898,7.7112202644348145,True,Collision with 'Vehicle',7.011597310296102
320,1:35:20.272898,7.7112202644348145,True,Collision with 'Vehicle',123.06733576723389
321,1:35:20.272898,7.7112202644348145,True,Collision with 'Vehicle',76.36551110029217
322,1:35:20.322898,8.230592727661133,True,Collision with 'Vehicle',108.57190886005726
323,1:35:20.322898,8.230592727661133,True,Collision with 'Vehicle',52.66106072536758
324,1:35:20.322898,8.230592727661133,True,Collision with 'Vehicle',39.36007281344752
325,1:35:20.322898,8.230592727661133,True,Collision with 'Vehicle',106.24726840180985
326,1:35:20.322898,8.230592727661133,True,Collision with 'Vehicle',81.83571421104723
327,1:35:20.372898,8.230592727661133,True,Collision with 'Vehicle',85.92158499161194
328,1:35:20.372898,8.230592727661133,True,Collision with 'Vehicle',26.208275451455084
329,1:35:20.372898,8.230592727661133,True,Collision with 'Vehicle',44.3762779561252
330,1:35:20.372898,8.230592727661133,True,Collision with 'Vehicle',123.22714543738016
331,1:35:20.372898,8.230592727661133,True,Collision with 'Vehicle',94.93344940602697
332,1:35:20.422898,8.230592727661133,True,Collision with 'Vehicle',62.263005788893445
333,1:35:20.422898,8.230592727661133,True,Collision with 'Vehicle',58.39096493603245
334,1:35:20.422898,8.230592727661133,True,Collision with 'Vehicle',80.45206708713602
335,1:35:20.422898,8.230592727661133,True,Collision with 'Vehicle',39.3802899756962
336,1:35:20.472898,8.230592727661133,True,Collision with 'Vehicle',89.93400336972842
337,1:35:20.472898,8.230592727661133,True,Collision with 'Vehicle',149.27193920582553
338,1:35:20.472898,8.230592727661133,True,Collision with 'Vehicle',50.64721434549418
339,1:35:20.472898,8.230592727661133,True,Collision with 'Vehicle',80.64742745714511
340,1:35:20.472898,8.230592727661133,True,Collision with 'Vehicle',4.21811360466774
341,1:35:20.522898,8.230592727661133,True,Collision with 'Vehicle',125.68242247814045
342,1:35:20.522898,8.230592727661133,True,Collision with 'Vehicle',114.3995083121824
343,1:35:20.522898,8.230592727661133,True,Collision with 'Vehicle',99.05788896723712
344,1:35:20.522898,8.230592727661133,True,Collision with 'Vehicle',33.29079038007108
345,1:35:20.522898,8.230592727661133,True,Collision with 'Vehicle',74.09953702105855
346,1:35:20.572898,8.230592727661133,True,Collision with 'Vehicle',50.691126877773975
347,1:35:20.572898,8.230592727661133,True,Collision with 'Vehicle',106.83235197578065
348,1:35:20.572898,8.230592727661133,True,Collision with 'Vehicle',123.20012084949497
349,1:35:20.572898,8.230592727661133,True,Collision with 'Vehicle',68.37554265791333
350,1:35:20.572898,8.230592727661133,True,Collision with 'Vehicle',85.47126822468347
351,1:35:20.572898,8.230592727661133,True,Collision with 'Vehicle',76.84068663127535
352,1:35:20.572898,8.230592727661133,True,Collision with 'Vehicle',75.14031297066133
353,1:35:20.572898,8.230592727661133,True,Collision with 'Vehicle',27.949021760462742
354,1:35:20.572898,8.230592727661133,True,Collision with 'Vehicle',112.81135416863623
355,1:35:20.672898,8.230592727661133,True,Collision with 'Vehicle',122.84115251793065
356,1:35:20.672898,8.230592727661133,True,Collision with 'Vehicle',99.20254208081349
357,1:35:20.672898,8.230592727661133,True,Collision with 'Vehicle',21.445813853024333
358,1:35:20.672898,8.230592727661133,True,Collision with 'Vehicle',93.88029399382927
359,1:35:20.672898,8.230592727661133,True,Collision with 'Vehicle',103.15779088445848
360,1:35:20.722898,8.230592727661133,True,Collision with 'Vehicle',85.49444911009428
361,1:35:20.722898,8.230592727661133,True,Collision with 'Vehicle',67.46694676291192
362,1:35:20.722898,8.230592727661133,True,Collision with 'Vehicle',79.06299106307522
363,1:35:20.722898,8.230592727661133,True,Collision with 'Vehicle',31.285846900249055
364,1:35:20.772898,8.230592727661133,True,Collision with 'Vehicle',41.94728197501321
365,1:35:20.772898,8.230592727661133,True,Collision with 'Vehicle',122.8581260783756
366,1:35:20.772898,8.230592727661133,True,Collision with 'Vehicle',116.3958276536573
367,1:35:20.772898,8.230592727661133,True,Collision with 'Vehicle',76.78114419527444
368,1:35:20.772898,8.230592727661133,True,Collision with 'Vehicle',45.919977318614556
369,1:35:20.822898,8.230592727661133,True,Collision with 'Vehicle',46.62421147072282
370,1:35:20.822898,8.230592727661133,True,Collision with 'Vehicle',73.26047217668939
371,1:35:20.822898,8.230592727661133,True,Collision with 'Vehicle',74.43328580627472
372,1:35:20.822898,8.230592727661133,True,Collision with 'Vehicle',52.86814627096659
373,1:35:20.822898,8.230592727661133,True,Collision with 'Vehicle',123.64403190101503
374,1:35:20.872898,8.230592727661133,True,Collision with 'Vehicle',110.12316507404317
375,1:35:20.872898,8.230592727661133,True,Collision with 'Vehicle',85.53532353254883
376,1:35:20.872898,8.230592727661133,True,Collision with 'Vehicle',35.95256532841017
377,1:35:20.872898,8.230592727661133,True,Collision with 'Vehicle',46.598818072043706
378,1:35:20.872898,8.230592727661133,True,Collision with 'Vehicle',93.77561383725148
379,1:35:20.922898,8.230592727661133,True,Collision with 'Vehicle',97.61255745224986
380,1:35:20.922898,8.230592727661133,True,Collision with 'Vehicle',122.10495532781525
381,1:35:20.922898,8.230592727661133,True,Collision with 'Vehicle',22.78711343015992
382,1:35:20.922898,8.230592727661133,True,Collision with 'Vehicle',59.63803564023091
383,1:35:20.922898,8.230592727661133,True,Collision with 'Vehicle',90.84342562335554
384,1:35:20.972898,8.230592727661133,True,Collision with 'Vehicle',49.294161493749016
385,1:35:20.972898,8.230592727661133,True,Collision with 'Vehicle',86.16898309462853
386,1:35:20.972898,8.230592727661133,True,Collision with 'Vehicle',66.32958569411359
387,1:35:20.972898,8.230592727661133,True,Collision with 'Vehicle',89.15625331919777
388,1:35:20.972898,8.230592727661133,True,Collision with 'Vehicle',72.32134600752936
389,1:35:21.022898,8.230592727661133,True,Collision with 'Vehicle',35.44887776258778
390,1:35:21.022898,8.230592727661133,True,Collision with 'Vehicle',127.75396970186043
391,1:35:21.022898,8.230592727661133,True,Collision with 'Vehicle',25.632023003713446
392,1:35:21.022898,8.230592727661133,True,Collision with 'Vehicle',25.98277650307772
393,1:35:21.022898,8.230592727661133,True,Collision with 'Vehicle',98.85613472132715
394,1:35:21.072898,8.230592727661133,True,Collision with 'Vehicle',71.41780584426654
395,1:35:21.072898,8.230592727661133,True,Collision with 'Vehicle',91.02364415994988
396,1:35:21.072898,8.230592727661133,True,Collision with 'Vehicle',85.33731451118118
397,1:35:21.072898,8.230592727661133,True,Collision with 'Vehicle',38.13366242771523
398,1:35:21.072898,8.230592727661133,True,Collision with 'Vehicle',26.169765011262808
399,1:35:21.122898,8.230592727661133,True,Collision with 'Vehicle',99.70728176198101
400,1:35:21.122898,8.230592727661133,True,Collision with 'Vehicle',147.23761038066542
401,1:35:21.122898,8.230592727661133,True,Collision with 'Vehicle',49.03243189314895
402,1:35:21.122898,8.230592727661133,True,Collision with 'Vehicle',56.2271063405436
403,1:35:21.172898,8.741900205612183,True,Collision with 'Vehicle',122.5191981998897
404,1:35:21.172898,8.741900205612183,True,Collision with 'Vehicle',97.64886190509964
405,1:35:21.172898,8.741900205612183,True,Collision with 'Vehicle',53.72226230810937
406,1:35:21.172898,8.741900205612183,True,Collision with 'Vehicle',120.7165417257018
407,1:35:21.172898,8.741900205612183,True,Collision with 'Vehicle',61.390576502726596
408,1:35:21.222898,8.741900205612183,True,Collision with 'Vehicle',23.591162256372527
409,1:35:21.222898,8.741900205612183,True,Collision with 'Vehicle',126.3976087529298
410,1:35:21.222898,8.741900205612183,True,Collision with 'Vehicle',125.4422072145882
411,1:35:21.222898,8.741900205612183,True,Collision with 'Vehicle',82.73436339322417
412,1:35:21.222898,8.741900205612183,True,Collision with 'Vehicle',2.3875273313645273
413,1:35:21.272898,8.741900205612183,True,Collision with 'Vehicle',98.01189361908666
414,1:35:21.272898,8.741900205612183,True,Collision with 'Vehicle',42.04257980545574
415,1:35:21.272898,8.741900205612183,True,Collision with 'Vehicle',59.17309023212401
416,1:35:21.272898,8.741900205612183,True,Collision with 'Vehicle',125.31372405793343
417,1:35:21.272898,8.741900205612183,True,Collision with 'Vehicle',118.44458108408021
418,1:35:21.322898,8.741900205612183,True,Collision with 'Vehicle',85.25069988063822
419,1:35:21.322898,8.741900205612183,True,Collision with 'Vehicle',62.20109446469414
420,1:35:21.322898,8.741900205612183,True,Collision with 'Vehicle',66.16535530635724
421,1:35:21.322898,8.741900205612183,True,Collision with 'Vehicle',121.23132159049727
422,1:35:21.372898,8.741900205612183,True,Collision with 'Vehicle',99.01696832606937
423,1:35:21.372898,8.741900205612183,True,Collision with 'Vehicle',69.8218186808178
424,1:35:21.372898,8.741900205612183,True,Collision with 'Vehicle',59.37279533581408
425,1:35:21.372898,8.741900205612183,True,Collision with 'Vehicle',31.759117721738274
426,1:35:21.422898,8.741900205612183,True,Collision with 'Vehicle',127.20172840222605
427,1:35:21.422898,8.741900205612183,True,Collision with 'Vehicle',116.61571871070211
428,1:35:21.422898,8.741900205612183,True,Collision with 'Vehicle',66.31319852284426
429,1:35:21.422898,8.741900205612183,True,Collision with 'Vehicle',42.03798280797003
430,1:35:21.422898,8.741900205612183,True,Collision with 'Vehicle',121.3877895690931
431,1:35:21.472898,8.741900205612183,True,Collision with 'Vehicle',31.557252898054674
432,1:35:21.472898,8.741900205612183,True,Collision with 'Vehicle',44.80912091482061
433,1:35:21.472898,8.741900205612183,True,Collision with 'Vehicle',95.4061249744366
434,1:35:21.472898,8.741900205612183,True,Collision with 'Vehicle',141.25169503798648
435,1:35:21.522898,8.741900205612183,True,Collision with 'Vehicle',45.42536052775802
436,1:35:21.522898,8.741900205612183,True,Collision with 'Vehicle',100.0453564298798
437,1:35:21.522898,8.741900205612183,True,Collision with 'Vehicle',32.40833141648962
438,1:35:21.522898,8.741900205612183,True,Collision with 'Vehicle',91.65927270776396
439,1:35:21.522898,8.741900205612183,True,Collision with 'Vehicle',128.8666798597443
440,1:35:21.572898,8.741900205612183,True,Collision with 'Vehicle',81.14495546103053
441,1:35:21.572898,8.741900205612183,True,Collision with 'Vehicle',8.812253004475846
442,1:35:21.572898,8.741900205612183,True,Collision with 'Vehicle',78.54709574054225
443,1:35:21.572898,8.741900205612183,True,Collision with 'Vehicle',101.0087213861283
444,1:35:21.572898,8.741900205612183,True,Collision with 'Vehicle',118.24232714328225
445,1:35:21.622898,8.741900205612183,True,Collision with 'Vehicle',60.51462950692996
446,1:35:21.622898,8.741900205612183,True,Collision with 'Vehicle',22.020281840168202
447,1:35:21.622898,8.741900205612183,True,Collision with 'Vehicle',99.91542780589833
448,1:35:21.622898,8.741900205612183,True,Collision with 'Vehicle',146.12365373335078
449,1:35:21.672898,8.741900205612183,True,Collision with 'Vehicle',50.675858548862784
450,1:35:21.672898,8.741900205612183,True,Collision with 'Vehicle',97.39748650560706
451,1:35:21.672898,8.741900205612183,True,Collision with 'Vehicle',114.30362984312445
452,1:35:21.672898,8.741900205612183,True,Collision with 'Vehicle',105.48999738219933
453,1:35:21.722898,8.741900205612183,True,Collision with 'Vehicle',73.84548446456094
454,1:35:21.722898,8.741900205612183,True,Collision with 'Vehicle',40.26647949096076
455,1:35:21.722898,8.741900205612183,True,Collision with 'Vehicle',95.8633501080079
456,1:35:21.722898,8.741900205612183,True,Collision with 'Vehicle',68.42669943875354
457,1:35:21.722898,8.741900205612183,True,Collision with 'Vehicle',106.42685222329678
458,1:35:21.772898,8.741900205612183,True,Collision with 'Vehicle',104.44176456084995
459,1:35:21.772898,8.741900205612183,True,Collision with 'Vehicle',60.64133281795323
460,1:35:21.772898,8.741900205612183,True,Collision with 'Vehicle',79.34862524000246
461,1:35:21.772898,8.741900205612183,True,Collision with 'Vehicle',78.13504775410489
462,1:35:21.822898,8.741900205612183,True,Collision with 'Vehicle',29.277052766665612
463,1:35:21.822898,8.741900205612183,True,Collision with 'Vehicle',91.7195089629211
464,1:35:21.822898,8.741900205612183,True,Collision with 'Vehicle',66.50359764253598
465,1:35:21.822898,8.741900205612183,True,Collision with 'Vehicle',107.0975813389241
466,1:35:21.822898,8.741900205612183,True,Collision with 'Vehicle',112.50847104505898
467,1:35:21.872898,8.741900205612183,True,Collision with 'Vehicle',35.34776117361032
468,1:35:21.872898,8.741900205612183,True,Collision with 'Vehicle',39.78916217518992
469,1:35:21.872898,8.741900205612183,True,Collision with 'Vehicle',125.04777213590089
470,1:35:21.872898,8.741900205612183,True,Collision with 'Vehicle',40.4396149765777
471,1:35:21.872898,8.741900205612183,True,Collision with 'Vehicle',28.338280399616824
472,1:35:21.922898,8.741900205612183,True,Collision with 'Vehicle',99.76683473735818
473,1:35:21.922898,8.741900205612183,True,Collision with 'Vehicle',143.16917538761055
474,1:35:21.922898,8.741900205612183,True,Collision with 'Vehicle',48.36873165868612
475,1:35:21.922898,8.741900205612183,True,Collision with 'Vehicle',69.21209221885772
476,1:35:21.972898,8.741900205612183,True,Collision with 'Vehicle',118.49189089905191
477,1:35:21.972898,8.741900205612183,True,Collision with 'Vehicle',23.40816052668236
478,1:35:21.972898,8.741900205612183,True,Collision with 'Vehicle',106.77414520651303
479,1:35:21.972898,8.741900205612183,True,Collision with 'Vehicle',77.69540288655887
480,1:35:22.022898,8.741900205612183,True,Collision with 'Vehicle',113.60621731574226
481,1:35:22.022898,8.741900205612183,True,Collision with 'Vehicle',85.29782458034154
482,1:35:22.022898,8.741900205612183,True,Collision with 'Vehicle',86.63722927974884
483,1:35:22.022898,8.741900205612183,True,Collision with 'Vehicle',22.103059252897577
484,1:35:22.022898,8.741900205612183,True,Collision with 'Vehicle',125.82982205736819
485,1:35:22.072898,9.262616634368896,True,Collision with 'Vehicle',116.31028552802832
486,1:35:22.072898,9.262616634368896,True,Collision with 'Vehicle',94.75769428872674
487,1:35:22.072898,9.262616634368896,True,Collision with 'Vehicle',19.462591881620025
488,1:35:22.072898,9.262616634368896,True,Collision with 'Vehicle',44.853364661551964
489,1:35:22.072898,9.262616634368896,True,Collision with 'Vehicle',126.9335402913145
490,1:35:22.122898,9.262616634368896,True,Collision with 'Vehicle',23.188331007673657
491,1:35:22.122898,9.262616634368896,True,Collision with 'Vehicle',41.25828589580328
492,1:35:22.122898,9.262616634368896,True,Collision with 'Vehicle',98.34170305592274
493,1:35:22.122898,9.262616634368896,True,Collision with 'Vehicle',142.36107301192914
494,1:35:22.172898,9.262616634368896,True,Collision with 'Vehicle',83.72684720182997
495,1:35:22.172898,9.262616634368896,True,Collision with 'Vehicle',91.26742132897483
496,1:35:22.172898,9.262616634368896,True,Collision with 'Vehicle',51.63724997348265
497,1:35:22.172898,9.262616634368896,True,Collision with 'Vehicle',41.903168382620535
498,1:35:22.172898,9.262616634368896,True,Collision with 'Vehicle',79.49677497136986
499,1:35:22.222898,9.262616634368896,True,Collision with 'Vehicle',90.20228004103784
500,1:35:22.222898,9.262616634368896,True,Collision with 'Vehicle',11.741572261154888
501,1:35:22.222898,9.262616634368896,True,Collision with 'Vehicle',114.55533578883016
502,1:35:22.222898,9.262616634368896,True,Collision with 'Vehicle',77.03887280647761
503,1:35:22.222898,9.262616634368896,True,Collision with 'Vehicle',43.60057928552422
504,1:35:22.272898,9.262616634368896,True,Collision with 'Vehicle',105.07626603889547
505,1:35:22.272898,9.262616634368896,True,Collision with 'Vehicle',80.78606307321166
506,1:35:22.272898,9.262616634368896,True,Collision with 'Vehicle',72.75834159820086
507,1:35:22.272898,9.262616634368896,True,Collision with 'Vehicle',29.56785519895673
508,1:35:22.272898,9.262616634368896,True,Collision with 'Vehicle',92.5828913563014
509,1:35:22.322898,9.262616634368896,True,Collision with 'Vehicle',76.33474726468104
510,1:35:22.322898,9.262616634368896,True,Collision with 'Vehicle',84.68470742100402
511,1:35:22.322898,9.262616634368896,True,Collision with 'Vehicle',71.6679471300915
512,1:35:22.322898,9.262616634368896,True,Collision with 'Vehicle',91.76585608261551
513,1:35:22.322898,9.262616634368896,True,Collision with 'Vehicle',53.32452732555867
514,1:35:22.372898,9.262616634368896,True,Collision with 'Vehicle',87.39855850166374
515,1:35:22.372898,9.262616634368896,True,Collision with 'Vehicle',31.915472526880176
516,1:35:22.372898,9.262616634368896,True,Collision with 'Vehicle',91.13065616184345
517,1:35:22.372898,9.262616634368896,True,Collision with 'Vehicle',44.3860333133848
518,1:35:22.372898,9.262616634368896,True,Collision with 'Vehicle',43.64474188812599
519,1:35:22.422898,9.262616634368896,True,Collision with 'Vehicle',96.19995408713541
520,1:35:22.422898,9.262616634368896,True,Collision with 'Vehicle',142.66980699457187
521,1:35:22.422898,9.262616634368896,True,Collision with 'Vehicle',67.47634993615702
522,1:35:22.422898,9.262616634368896,True,Collision with 'Vehicle',60.67622927072319
523,1:35:22.472898,9.262616634368896,True,Collision with 'Vehicle',33.497189116213626
524,1:35:22.472898,9.262616634368896,True,Collision with 'Vehicle',92.73320520877408
525,1:35:22.472898,9.262616634368896,True,Collision with 'Vehicle',89.08983253912521
526,1:35:22.472898,9.262616634368896,True,Collision with 'Vehicle',64.71339323386003
527,1:35:22.472898,9.262616634368896,True,Collision with 'Vehicle',20.564201875051978
528,1:35:22.522898,9.262616634368896,True,Collision with 'Vehicle',92.51545405814657
529,1:35:22.522898,9.262616634368896,True,Collision with 'Vehicle',117.1972368627112
530,1:35:22.522898,9.262616634368896,True,Collision with 'Vehicle',67.87849905618268
531,1:35:22.522898,9.262616634368896,True,Collision with 'Vehicle',27.860048321607987
532,1:35:22.522898,9.262616634368896,True,Collision with 'Vehicle',128.87985704690496
533,1:35:22.572898,9.262616634368896,True,Collision with 'Vehicle',88.17963602323556
534,1:35:22.572898,9.262616634368896,True,Collision with 'Vehicle',47.32700802473462
535,1:35:22.572898,9.262616634368896,True,Collision with 'Vehicle',32.960858851969924
536,1:35:22.572898,9.262616634368896,True,Collision with 'Vehicle',89.83335369637061
537,1:35:22.572898,9.262616634368896,True,Collision with 'Vehicle',87.74322744621055
538,1:35:22.622898,9.262616634368896,True,Collision with 'Vehicle',77.50558553423085
539,1:35:22.622898,9.262616634368896,True,Collision with 'Vehicle',69.08200710251587
540,1:35:22.622898,9.262616634368896,True,Collision with 'Vehicle',1.2763591445846827
541,1:35:22.622898,9.262616634368896,True,Collision with 'Vehicle',122.3003923076908
542,1:35:22.622898,9.262616634368896,True,Collision with 'Vehicle',88.8265923771066
543,1:35:22.672898,9.262616634368896,True,Collision with 'Vehicle',92.15941518573445
544,1:35:22.672898,9.262616634368896,True,Collision with 'Vehicle',20.284184383979362
545,1:35:22.672898,9.262616634368896,True,Collision with 'Vehicle',69.01049077433362
546,1:35:22.672898,9.262616634368896,True,Collision with 'Vehicle',37.72391389472997
547,1:35:22.672898,9.262616634368896,True,Collision with 'Vehicle',124.46897779585133
548,1:35:22.722898,9.262616634368896,True,Collision with 'Vehicle',70.9469500729304
549,1:35:22.722898,9.262616634368896,True,Collision with 'Vehicle',86.76981874844058
550,1:35:22.722898,9.262616634368896,True,Collision with 'Vehicle',45.61838284853229
551,1:35:22.722898,9.262616634368896,True,Collision with 'Vehicle',92.88405544480105
552,1:35:22.722898,9.262616634368896,True,Collision with 'Vehicle',117.00692794832474
553,1:35:22.772898,9.262616634368896,True,Collision with 'Vehicle',34.069988067095714
554,1:35:22.772898,9.262616634368896,True,Collision with 'Vehicle',33.058640283143916
555,1:35:22.772898,9.262616634368896,True,Collision with 'Vehicle',89.45022229402275
556,1:35:22.772898,9.262616634368896,True,Collision with 'Vehicle',110.46751239392205
557,1:35:22.772898,9.262616634368896,True,Collision with 'Vehicle',86.94794370741387
558,1:35:22.822898,9.262616634368896,True,Collision with 'Vehicle',20.108926613448983
559,1:35:22.822898,9.262616634368896,True,Collision with 'Vehicle',42.6503319971826
560,1:35:22.822898,9.262616634368896,True,Collision with 'Vehicle',96.42956394779327
561,1:35:22.822898,9.262616634368896,True,Collision with 'Vehicle',110.68887148398358
562,1:35:22.822898,9.262616634368896,True,Collision with 'Vehicle',53.06533737970784
563,1:35:22.872898,9.262616634368896,True,Collision with 'Vehicle',43.240078271658824
564,1:35:22.872898,9.262616634368896,True,Collision with 'Vehicle',127.73069881554324
565,1:35:22.872898,9.262616634368896,True,Collision with 'Vehicle',86.29934311807035
566,1:35:22.872898,9.262616634368896,True,Collision with 'Vehicle',45.19133441193372
567,1:35:22.872898,9.262616634368896,True,Collision with 'Vehicle',42.83878136387986
568,1:35:22.922898,9.262616634368896,True,Collision with 'Vehicle',94.979657360045
569,1:35:22.922898,9.262616634368896,True,Collision with 'Vehicle',86.25437189207841
570,1:35:22.922898,9.262616634368896,True,Collision with 'Vehicle',46.19286323594903
571,1:35:22.922898,9.262616634368896,True,Collision with 'Vehicle',93.95474076351591
572,1:35:22.922898,9.262616634368896,True,Collision with 'Vehicle',82.01133595554539
573,1:35:22.972898,9.76874041557312,True,Collision with 'Vehicle',84.05062156194882
574,1:35:22.972898,9.76874041557312,True,Collision with 'Vehicle',100.37113057361219
575,1:35:22.972898,9.76874041557312,True,Collision with 'Vehicle',93.22855154790032
576,1:35:22.972898,9.76874041557312,True,Collision with 'Vehicle',60.925884511561485
577,1:35:23.022898,9.76874041557312,True,Collision with 'Vehicle',43.1594447510323
578,1:35:23.022898,9.76874041557312,True,Collision with 'Vehicle',88.65502868737043
579,1:35:23.022898,9.76874041557312,True,Collision with 'Vehicle',80.93515234506775
580,1:35:23.022898,9.76874041557312,True,Collision with 'Vehicle',21.424832456854336
581,1:35:23.022898,9.76874041557312,True,Collision with 'Vehicle',54.84573641024559
582,1:35:23.072898,9.76874041557312,True,Collision with 'Vehicle',117.68322339277886
583,1:35:23.072898,9.76874041557312,True,Collision with 'Vehicle',116.34912228177237
584,1:35:23.072898,9.76874041557312,True,Collision with 'Vehicle',71.23164917652926
585,1:35:23.072898,9.76874041557312,True,Collision with 'Vehicle',41.78745184083376
586,1:35:23.072898,9.76874041557312,True,Collision with 'Vehicle',90.72246626163255
587,1:35:23.122898,9.76874041557312,True,Collision with 'Vehicle',64.2444311298282
588,1:35:23.122898,9.76874041557312,True,Collision with 'Vehicle',43.67194399781763
589,1:35:23.122898,9.76874041557312,True,Collision with 'Vehicle',77.61133330201027
590,1:35:23.122898,9.76874041557312,True,Collision with 'Vehicle',78.13882093092646
591,1:35:23.122898,9.76874041557312,True,Collision with 'Vehicle',32.5928215167283
592,1:35:23.172898,9.76874041557312,True,Collision with 'Vehicle',85.68345913771323
593,1:35:23.172898,9.76874041557312,True,Collision with 'Vehicle',118.59545533590753
594,1:35:23.172898,9.76874041557312,True,Collision with 'Vehicle',59.23415215358268
595,1:35:23.172898,9.76874041557312,True,Collision with 'Vehicle',28.49012568427957
596,1:35:23.172898,9.76874041557312,True,Collision with 'Vehicle',105.00719703020957
597,1:35:23.222898,9.76874041557312,True,Collision with 'Vehicle',37.82157131153816
598,1:35:23.222898,9.76874041557312,True,Collision with 'Vehicle',36.09052995858696
599,1:35:23.222898,9.76874041557312,True,Collision with 'Vehicle',123.91865442756975
600,1:35:23.222898,9.76874041557312,True,Collision with 'Vehicle',52.69690798393935
601,1:35:23.222898,9.76874041557312,True,Collision with 'Vehicle',28.531053182429975
602,1:35:23.272898,9.76874041557312,True,Collision with 'Vehicle',102.35725840437371
603,1:35:23.272898,9.76874041557312,True,Collision with 'Vehicle',86.23760004133327
604,1:35:23.272898,9.76874041557312,True,Collision with 'Vehicle',31.65657455179907
605,1:35:23.272898,9.76874041557312,True,Collision with 'Vehicle',77.05750084964106
606,1:35:23.272898,9.76874041557312,True,Collision with 'Vehicle',86.47276641913548
607,1:35:23.322898,9.76874041557312,True,Collision with 'Vehicle',45.68078117901155
608,1:35:23.322898,9.76874041557312,True,Collision with 'Vehicle',124.82576554131752
609,1:35:23.322898,9.76874041557312,True,Collision with 'Vehicle',111.85493998736204
610,1:35:23.322898,9.76874041557312,True,Collision with 'Vehicle',77.60591576489767
611,1:35:23.372898,9.76874041557312,True,Collision with 'Vehicle',62.45949249027857
612,1:35:23.372898,9.76874041557312,True,Collision with 'Vehicle',94.38318583470141
613,1:35:23.372898,9.76874041557312,True,Collision with 'Vehicle',107.71109985374649
614,1:35:23.372898,9.76874041557312,True,Collision with 'Vehicle',55.23748722497313
615,1:35:23.372898,9.76874041557312,True,Collision with 'Vehicle',53.92985476155387
616,1:35:23.422898,9.76874041557312,True,Collision with 'Vehicle',82.32371247086222
617,1:35:23.422898,9.76874041557312,True,Collision with 'Vehicle',44.974754416406235
618,1:35:23.422898,9.76874041557312,True,Collision with 'Vehicle',117.93814632740283
619,1:35:23.422898,9.76874041557312,True,Collision with 'Vehicle',14.444718240522327
620,1:35:23.422898,9.76874041557312,True,Collision with 'Vehicle',89.58771775740716
621,1:35:23.472898,9.76874041557312,True,Collision with 'Vehicle',66.95629574739068
622,1:35:23.472898,9.76874041557312,True,Collision with 'Vehicle',26.26448999319716
623,1:35:23.472898,9.76874041557312,True,Collision with 'Vehicle',69.06769834817945
624,1:35:23.472898,9.76874041557312,True,Collision with 'Vehicle',93.04991111804607
625,1:35:23.472898,9.76874041557312,True,Collision with 'Vehicle',85.51584686768354
626,1:35:23.522898,9.76874041557312,True,Collision with 'Vehicle',75.11985465765024
627,1:35:23.522898,9.76874041557312,True,Collision with 'Vehicle',45.28222921924144
628,1:35:23.522898,9.76874041557312,True,Collision with 'Vehicle',151.69434928219295
629,1:35:23.522898,9.76874041557312,True,Collision with 'Vehicle',23.856203114754077
630,1:35:23.522898,9.76874041557312,True,Collision with 'Vehicle',47.504769985556365
631,1:35:23.572898,9.76874041557312,True,Collision with 'Vehicle',96.07977366844115
632,1:35:23.572898,9.76874041557312,True,Collision with 'Vehicle',124.83129846162113
633,1:35:23.572898,9.76874041557312,True,Collision with 'Vehicle',85.97601139727001
634,1:35:23.572898,9.76874041557312,True,Collision with 'Vehicle',72.37188122127995
635,1:35:23.622898,9.76874041557312,True,Collision with 'Vehicle',133.3629403973737
636,1:35:23.622898,9.76874041557312,True,Collision with 'Vehicle',49.201116370436864
637,1:35:23.622898,9.76874041557312,True,Collision with 'Vehicle',42.22582281029694
638,1:35:23.622898,9.76874041557312,True,Collision with 'Vehicle',88.69961776908156
639,1:35:23.622898,9.76874041557312,True,Collision with 'Vehicle',84.54457534810335
640,1:35:23.672898,9.76874041557312,True,Collision with 'Vehicle',51.6338389187445
641,1:35:23.672898,9.76874041557312,True,Collision with 'Vehicle',103.6339171783736
642,1:35:23.672898,9.76874041557312,True,Collision with 'Vehicle',46.99920650625746
643,1:35:23.672898,9.76874041557312,True,Collision with 'Vehicle',56.272903748064024
644,1:35:23.672898,9.76874041557312,True,Collision with 'Vehicle',94.94293263538371
645,1:35:23.722898,9.76874041557312,True,Collision with 'Vehicle',134.2070920032656
646,1:35:23.722898,9.76874041557312,True,Collision with 'Vehicle',42.38189588706454
647,1:35:23.722898,9.76874041557312,True,Collision with 'Vehicle',42.98655680630465
648,1:35:23.722898,9.76874041557312,True,Collision with 'Vehicle',96.43321206058677
649,1:35:23.722898,9.76874041557312,True,Collision with 'Vehicle',77.94908483793162
650,1:35:23.772898,9.76874041557312,True,Collision with 'Vehicle',72.60225603696104
651,1:35:23.772898,9.76874041557312,True,Collision with 'Vehicle',44.54727773069827
652,1:35:23.772898,9.76874041557312,True,Collision with 'Vehicle',122.18246177518185
653,1:35:23.772898,9.76874041557312,True,Collision with 'Vehicle',21.12544943825191
654,1:35:23.772898,9.76874041557312,True,Collision with 'Vehicle',45.23858533224672
655,1:35:23.822898,9.76874041557312,True,Collision with 'Vehicle',98.22378632242295
656,1:35:23.822898,9.76874041557312,True,Collision with 'Vehicle',140.6653949853304
657,1:35:23.822898,9.76874041557312,True,Collision with 'Vehicle',86.4260973447531
658,1:35:23.822898,9.76874041557312,True,Collision with 'Vehicle',81.30961370532005
659,1:35:23.872898,10.27854037284851,True,Collision with 'Vehicle',44.058091814999294
660,1:35:23.872898,10.27854037284851,True,Collision with 'Vehicle',84.93633853286195
661,1:35:23.872898,10.27854037284851,True,Collision with 'Vehicle',32.12950046300332
662,1:35:23.872898,10.27854037284851,True,Collision with 'Vehicle',48.652318122894684
663,1:35:23.872898,10.27854037284851,True,Collision with 'Vehicle',123.64186219716203
664,1:35:23.922898,10.27854037284851,True,Collision with 'Vehicle',86.65037388046804
665,1:35:23.922898,10.27854037284851,True,Collision with 'Vehicle',79.9036766922254
666,1:35:23.922898,10.27854037284851,True,Collision with 'Vehicle',82.18845314151244
667,1:35:23.922898,10.27854037284851,True,Collision with 'Vehicle',76.33059361331809
668,1:35:23.972898,10.27854037284851,True,Collision with 'Vehicle',86.82357524017388
669,1:35:23.972898,10.27854037284851,True,Collision with 'Vehicle',21.215714027527554
670,1:35:23.972898,10.27854037284851,True,Collision with 'Vehicle',61.32953647669085
671,1:35:23.972898,10.27854037284851,True,Collision with 'Vehicle',89.82256952137459
672,1:35:23.972898,10.27854037284851,True,Collision with 'Vehicle',41.18210591109739
673,1:35:24.022898,10.27854037284851,True,Collision with 'Vehicle',77.9240386274316
674,1:35:24.022898,10.27854037284851,True,Collision with 'Vehicle',73.59429505200275
675,1:35:24.022898,10.27854037284851,True,Collision with 'Vehicle',99.55578313009558
676,1:35:24.022898,10.27854037284851,True,Collision with 'Vehicle',78.50869530106385
677,1:35:24.022898,10.27854037284851,True,Collision with 'Vehicle',63.73038447880563
678,1:35:24.072898,10.27854037284851,True,Collision with 'Vehicle',78.44318460766023
679,1:35:24.072898,10.27854037284851,True,Collision with 'Vehicle',58.36151372364281
680,1:35:24.072898,10.27854037284851,True,Collision with 'Vehicle',89.50669701530745
681,1:35:24.072898,10.27854037284851,True,Collision with 'Vehicle',64.8327865027674
682,1:35:24.072898,10.27854037284851,True,Collision with 'Vehicle',46.44800612815434
683,1:35:24.122898,10.27854037284851,True,Collision with 'Vehicle',85.9408283209878
684,1:35:24.122898,10.27854037284851,True,Collision with 'Vehicle',111.31507519939105
685,1:35:24.122898,10.27854037284851,True,Collision with 'Vehicle',46.17445410058233
686,1:35:24.122898,10.27854037284851,True,Collision with 'Vehicle',45.6797202784831
687,1:35:24.122898,10.27854037284851,True,Collision with 'Vehicle',122.64484008735232
688,1:35:24.172898,10.27854037284851,True,Collision with 'Vehicle',40.08788825734047
689,1:35:24.172898,10.27854037284851,True,Collision with 'Vehicle',49.047975259843916
690,1:35:24.172898,10.27854037284851,True,Collision with 'Vehicle',84.2122526088757
691,1:35:24.172898,10.27854037284851,True,Collision with 'Vehicle',89.93812154140342
692,1:35:24.172898,10.27854037284851,True,Collision with 'Vehicle',112.23226380754902
693,1:35:24.222898,10.27854037284851,True,Collision with 'Vehicle',22.27408592216423
694,1:35:24.222898,10.27854037284851,True,Collision with 'Vehicle',83.7774083306254
695,1:35:24.222898,10.27854037284851,True,Collision with 'Vehicle',71.27854489429858
696,1:35:24.222898,10.27854037284851,True,Collision with 'Vehicle',45.02500407436126
697,1:35:24.222898,10.27854037284851,True,Collision with 'Vehicle',96.33301163127248
698,1:35:24.272898,10.27854037284851,True,Collision with 'Vehicle',91.68616933084867
699,1:35:24.272898,10.27854037284851,True,Collision with 'Vehicle',36.55383216401758
700,1:35:24.272898,10.27854037284851,True,Collision with 'Vehicle',1.6242188675470397
701,1:35:24.272898,10.27854037284851,True,Collision with 'Vehicle',82.4388049350374
702,1:35:24.272898,10.27854037284851,True,Collision with 'Vehicle',32.743697894929674
703,1:35:24.322898,10.27854037284851,True,Collision with 'Vehicle',5.053018533371264
704,1:35:24.322898,10.27854037284851,True,Collision with 'Vehicle',80.46289512550611
705,1:35:24.322898,10.27854037284851,True,Collision with 'Vehicle',5.251839829362624
706,1:35:24.322898,10.27854037284851,True,Collision with 'Vehicle',90.48287722648816
707,1:35:24.322898,10.27854037284851,True,Collision with 'Vehicle',72.3898892780289
708,1:35:24.372898,10.27854037284851,True,Collision with 'Vehicle',20.390085307704457
709,1:35:24.372898,10.27854037284851,True,Collision with 'Vehicle',87.04698591172993
710,1:35:24.372898,10.27854037284851,True,Collision with 'Vehicle',100.17222652016474
711,1:35:24.372898,10.27854037284851,True,Collision with 'Vehicle',102.25978335915994
712,1:35:24.372898,10.27854037284851,True,Collision with 'Vehicle',65.92751207907591
713,1:35:24.422898,10.27854037284851,True,Collision with 'Vehicle',20.597731965570308
714,1:35:24.422898,10.27854037284851,True,Collision with 'Vehicle',132.76114960451892
715,1:35:24.422898,10.27854037284851,True,Collision with 'Vehicle',42.722268750807785
716,1:35:24.422898,10.27854037284851,True,Collision with 'Vehicle',32.08277395138687
717,1:35:24.422898,10.27854037284851,True,Collision with 'Vehicle',128.82518552439657
718,1:35:24.472898,10.27854037284851,True,Collision with 'Vehicle',93.66500770218578
719,1:35:24.472898,10.27854037284851,True,Collision with 'Vehicle',46.13639043843266
720,1:35:24.472898,10.27854037284851,True,Collision with 'Vehicle',94.68012961915277
721,1:35:24.472898,10.27854037284851,True,Collision with 'Vehicle',89.21282729519886
722,1:35:24.472898,10.27854037284851,True,Collision with 'Vehicle',22.997895148619623
723,1:35:24.522898,10.27854037284851,True,Collision with 'Vehicle',51.34501846131298
724,1:35:24.522898,10.27854037284851,True,Collision with 'Vehicle',124.55840833596304
725,1:35:24.522898,10.27854037284851,True,Collision with 'Vehicle',82.97164100035236
726,1:35:24.522898,10.27854037284851,True,Collision with 'Vehicle',45.78477160252551
727,1:35:24.522898,10.27854037284851,True,Collision with 'Vehicle',60.55928567792309
728,1:35:24.572898,10.27854037284851,True,Collision with 'Vehicle',85.66032707674297
729,1:35:24.572898,10.27854037284851,True,Collision with 'Vehicle',22.658806636438555
730,1:35:24.572898,10.27854037284851,True,Collision with 'Vehicle',82.46967677887201
731,1:35:24.572898,10.27854037284851,True,Collision with 'Vehicle',75.81836081897653
732,1:35:24.572898,10.27854037284851,True,Collision with 'Vehicle',122.12998729406232
733,1:35:24.622898,10.27854037284851,True,Collision with 'Vehicle',81.07966141424853
734,1:35:24.622898,10.27854037284851,True,Collision with 'Vehicle',74.5072061191542
735,1:35:24.622898,10.27854037284851,True,Collision with 'Vehicle',47.368827225472046
736,1:35:24.622898,10.27854037284851,True,Collision with 'Vehicle',86.39040847832565
737,1:35:24.622898,10.27854037284851,True,Collision with 'Vehicle',32.19861553019107
738,1:35:24.672898,10.27854037284851,True,Collision with 'Vehicle',41.145344214952864
739,1:35:24.672898,10.27854037284851,True,Collision with 'Vehicle',120.6792823379919
740,1:35:24.672898,10.27854037284851,True,Collision with 'Vehicle',102.77615340308589
741,1:35:24.672898,10.27854037284851,True,Collision with 'Vehicle',83.16444767290638
742,1:35:24.722898,10.27854037284851,True,Collision with 'Vehicle',51.39318999474729
743,1:35:24.722898,10.27854037284851,True,Collision with 'Vehicle',48.834390225759726
744,1:35:24.722898,10.27854037284851,True,Collision with 'Vehicle',95.24842524287276
745,1:35:24.722898,10.27854037284851,True,Collision with 'Vehicle',121.42495120725292
746,1:35:24.772898,10.789520502090454,True,Collision with 'Vehicle',59.913247653169705
747,1:35:24.772898,10.789520502090454,True,Collision with 'Vehicle',94.3219888849768
748,1:35:24.772898,10.789520502090454,True,Collision with 'Vehicle',71.99759293360415
749,1:35:24.772898,10.789520502090454,True,Collision with 'Vehicle',47.4673994113556
750,1:35:24.772898,10.789520502090454,True,Collision with 'Vehicle',84.2658043023087
751,1:35:24.822898,10.789520502090454,True,Collision with 'Vehicle',83.34252238416775
752,1:35:24.822898,10.789520502090454,True,Collision with 'Vehicle',18.57980532829402
753,1:35:24.822898,10.789520502090454,True,Collision with 'Vehicle',87.56311272776604
754,1:35:24.822898,10.789520502090454,True,Collision with 'Vehicle',112.07137613790944
755,1:35:24.822898,10.789520502090454,True,Collision with 'Vehicle',23.9104643599401
756,1:35:24.872898,10.789520502090454,True,Collision with 'Vehicle',85.68675236229357
757,1:35:24.872898,10.789520502090454,True,Collision with 'Vehicle',88.86290997885298
758,1:35:24.872898,10.789520502090454,True,Collision with 'Vehicle',52.53443556851083
759,1:35:24.872898,10.789520502090454,True,Collision with 'Vehicle',90.91318467745779
760,1:35:24.872898,10.789520502090454,True,Collision with 'Vehicle',93.022571995159
761,1:35:24.922898,10.789520502090454,True,Collision with 'Vehicle',76.49371255005666
762,1:35:24.922898,10.789520502090454,True,Collision with 'Vehicle',49.43798965641637
763,1:35:24.922898,10.789520502090454,True,Collision with 'Vehicle',109.7467829735047
764,1:35:24.922898,10.789520502090454,True,Collision with 'Vehicle',20.642362758272697
765,1:35:24.922898,10.789520502090454,True,Collision with 'Vehicle',123.39677750757559
766,1:35:24.972898,10.789520502090454,True,Collision with 'Vehicle',75.79087578814715
767,1:35:24.972898,10.789520502090454,True,Collision with 'Vehicle',27.786437554865206
768,1:35:24.972898,10.789520502090454,True,Collision with 'Vehicle',84.35214431474614
769,1:35:24.972898,10.789520502090454,True,Collision with 'Vehicle',80.85613223963321
770,1:35:24.972898,10.789520502090454,True,Collision with 'Vehicle',76.07196015007945
771,1:35:25.022898,10.789520502090454,True,Collision with 'Vehicle',52.76087149115707
772,1:35:25.022898,10.789520502090454,True,Collision with 'Vehicle',44.19172815164937
773,1:35:25.022898,10.789520502090454,True,Collision with 'Vehicle',93.23014678221517
774,1:35:25.022898,10.789520502090454,True,Collision with 'Vehicle',83.19317342763969
775,1:35:25.022898,10.789520502090454,True,Collision with 'Vehicle',74.61563714288468
776,1:35:25.072898,10.789520502090454,True,Collision with 'Vehicle',45.71449411531009
777,1:35:25.072898,10.789520502090454,True,Collision with 'Vehicle',149.29891665951462
778,1:35:25.072898,10.789520502090454,True,Collision with 'Vehicle',22.66897496481364
779,1:35:25.072898,10.789520502090454,True,Collision with 'Vehicle',50.290331148473626
780,1:35:25.072898,10.789520502090454,True,Collision with 'Vehicle',94.2497984713841
781,1:35:25.122898,10.789520502090454,True,Collision with 'Vehicle',52.72882050795259
782,1:35:25.122898,10.789520502090454,True,Collision with 'Vehicle',99.68242039798793
783,1:35:25.122898,10.789520502090454,True,Collision with 'Vehicle',93.8518484638052
784,1:35:25.122898,10.789520502090454,True,Collision with 'Vehicle',71.97179058118552
785,1:35:25.172898,10.789520502090454,True,Collision with 'Vehicle',32.938647380712005
786,1:35:25.172898,10.789520502090454,True,Collision with 'Vehicle',88.68894999637926
787,1:35:25.172898,10.789520502090454,True,Collision with 'Vehicle',97.20097156371331
788,1:35:25.172898,10.789520502090454,True,Collision with 'Vehicle',74.89733300250464
789,1:35:25.172898,10.789520502090454,True,Collision with 'Vehicle',32.927412394305456
790,1:35:25.222898,10.789520502090454,True,Collision with 'Vehicle',90.5652895615961
791,1:35:25.222898,10.789520502090454,True,Collision with 'Vehicle',117.70153398644258
792,1:35:25.222898,10.789520502090454,True,Collision with 'Vehicle',59.238770401346784
793,1:35:25.222898,10.789520502090454,True,Collision with 'Vehicle',18.208191773950293
794,1:35:25.222898,10.789520502090454,True,Collision with 'Vehicle',126.0063004930549
795,1:35:25.272898,10.789520502090454,True,Collision with 'Vehicle',86.14616758553704
796,1:35:25.272898,10.789520502090454,True,Collision with 'Vehicle',75.510382489035
797,1:35:25.272898,10.789520502090454,True,Collision with 'Vehicle',44.68534180538712
798,1:35:25.272898,10.789520502090454,True,Collision with 'Vehicle',92.57946293406864
799,1:35:25.272898,10.789520502090454,True,Collision with 'Vehicle',72.7862787323761
800,1:35:25.322898,10.789520502090454,True,Collision with 'Vehicle',54.226625718202655
801,1:35:25.322898,10.789520502090454,True,Collision with 'Vehicle',92.75472843032898
802,1:35:25.322898,10.789520502090454,True,Collision with 'Vehicle',82.72369670504771
803,1:35:25.322898,10.789520502090454,True,Collision with 'Vehicle',85.81280255401485
804,1:35:25.322898,10.789520502090454,True,Collision with 'Vehicle',20.90878527981461
805,1:35:25.372898,10.789520502090454,True,Collision with 'Vehicle',64.82239646905757
806,1:35:25.372898,10.789520502090454,True,Collision with 'Vehicle',92.5238708733678
807,1:35:25.372898,10.789520502090454,True,Collision with 'Vehicle',102.8575707490661
808,1:35:25.372898,10.789520502090454,True,Collision with 'Vehicle',89.48634925758132
