,Sim_time,Rec_time,Obstacle_Detected,Distance_from_Obstacle
0,0:00:28.001485,5.223952531814575,traffic.traffic_light,21.566030502319336
1,0:00:28.041305,5.223952531814575,traffic.traffic_light,20.930646896362305
2,0:00:28.041305,5.223952531814575,traffic.traffic_light,20.60528564453125
3,0:00:28.130732,5.223952531814575,traffic.traffic_light,20.377609252929688
4,0:00:28.166703,5.223952531814575,traffic.traffic_light,20.170581817626953
5,0:00:28.166703,5.223952531814575,traffic.traffic_light,20.01449966430664
6,0:00:28.239465,5.739916086196899,traffic.traffic_light,19.873577117919922
7,0:00:28.273528,5.739916086196899,traffic.traffic_light,19.69759178161621
8,0:00:28.319712,5.739916086196899,traffic.traffic_light,19.539457321166992
9,0:00:28.363544,5.739916086196899,traffic.traffic_light,19.43781280517578
10,0:00:28.391975,5.739916086196899,traffic.traffic_light,19.323211669921875
11,0:00:28.391975,5.739916086196899,traffic.traffic_light,19.160287857055664
12,0:00:28.464443,5.739916086196899,traffic.traffic_light,19.02303695678711
13,0:00:28.496548,5.739916086196899,traffic.traffic_light,18.86235809326172
14,0:00:28.531663,5.739916086196899,traffic.traffic_light,18.61127471923828
15,0:00:28.584496,5.739916086196899,traffic.traffic_light,18.408042907714844
16,0:00:28.623145,5.739916086196899,traffic.traffic_light,18.101594924926758
17,0:00:28.675219,5.739916086196899,traffic.traffic_light,17.907289505004883
18,0:00:28.706212,5.739916086196899,traffic.traffic_light,17.492961883544922
19,0:00:28.706212,6.277744293212891,traffic.traffic_light,17.293415069580078
20,0:00:28.706212,6.277744293212891,traffic.traffic_light,17.118770599365234
21,0:00:28.850876,6.277744293212891,traffic.traffic_light,16.956090927124023
22,0:00:28.892561,6.277744293212891,traffic.traffic_light,16.878814697265625
23,0:00:28.919223,6.277744293212891,traffic.traffic_light,16.822114944458008
24,0:00:28.955706,6.277744293212891,traffic.traffic_light,16.86067008972168
25,0:00:28.989515,6.277744293212891,traffic.traffic_light,17.152036666870117
26,0:01:28.055079,65.15230107307434,traffic.traffic_light,28.611774444580078
27,0:01:28.311752,65.67578673362732,static.static,23.328449249267578
28,0:01:28.311752,65.67578673362732,static.static,21.885055541992188
29,0:01:28.406221,65.67578673362732,static.static,21.508525848388672
30,0:01:28.459934,65.67578673362732,static.static,23.898576736450195
31,0:01:29.889511,67.26564979553223,static.static,14.62743854522705
32,0:01:29.929235,67.26564979553223,static.static,12.878373146057129
33,0:01:29.929235,67.26564979553223,static.static,11.105446815490723
34,0:01:30.040617,67.26564979553223,static.static,10.345633506774902
35,0:01:30.135815,67.26564979553223,static.static,10.287766456604004
36,0:01:30.135815,67.26564979553223,static.static,10.108874320983887
37,0:01:30.195005,67.26564979553223,static.static,10.249584197998047
38,0:01:30.242811,67.26564979553223,static.static,10.673306465148926
39,0:01:30.281971,67.77828025817871,static.static,12.204070091247559
40,0:01:30.733427,67.77828025817871,traffic.traffic_light,14.640702247619629
41,0:01:30.771529,68.27882099151611,traffic.traffic_light,13.959412574768066
42,0:01:31.370603,68.7903082370758,traffic.traffic_light,28.86367416381836
43,0:01:31.407783,68.7903082370758,traffic.traffic_light,28.3198299407959
44,0:01:31.734066,68.7903082370758,traffic.traffic_light,23.77875518798828
45,0:01:31.816336,69.31462240219116,traffic.traffic_light,22.232093811035156
46,0:01:31.860996,69.31462240219116,traffic.traffic_light,21.542356491088867
47,0:01:31.892616,69.31462240219116,traffic.traffic_light,21.1522159576416
48,0:01:40.523795,77.68014717102051,traffic.traffic_light,23.375774383544922
49,0:01:40.567041,77.68014717102051,traffic.traffic_light,21.949935913085938
50,0:01:40.567041,77.68014717102051,traffic.traffic_light,21.66092300415039
51,0:01:49.044376,86.54890656471252,traffic.traffic_light,13.579023361206055
52,0:01:49.088675,86.54890656471252,traffic.traffic_light,12.803585052490234
53,0:01:49.136244,86.54890656471252,traffic.traffic_light,12.34371566772461
54,0:01:49.136244,86.54890656471252,traffic.traffic_light,11.97569465637207
55,0:01:49.224211,86.54890656471252,traffic.traffic_light,11.60218620300293
56,0:01:49.270099,86.54890656471252,traffic.traffic_light,11.215429306030273
57,0:01:49.323863,86.54890656471252,traffic.traffic_light,11.051344871520996
58,0:01:49.359003,86.54890656471252,traffic.traffic_light,10.979220390319824
59,0:01:51.574757,88.6890435218811,static.building,23.932233810424805
60,0:01:51.648253,88.6890435218811,static.building,23.82430648803711
61,0:01:51.696159,89.19538307189941,static.building,24.110492706298828
62,0:01:51.727415,89.19538307189941,static.building,24.770263671875
63,0:01:51.768640,89.19538307189941,static.building,25.528657913208008
64,0:01:51.817651,89.19538307189941,static.building,26.280221939086914
65,0:01:51.817651,89.19538307189941,static.building,27.468250274658203
66,0:01:51.900133,89.19538307189941,static.building,29.034826278686523
67,0:01:57.007173,94.41636824607849,static.pole,22.96491050720215
68,0:01:57.465943,94.9673981666565,static.pole,29.489728927612305
69,0:01:57.512029,94.9673981666565,static.pole,28.38406753540039
70,0:01:57.632144,94.9673981666565,static.building,29.205860137939453
71,0:01:57.661602,94.9673981666565,static.building,26.782838821411133
72,0:01:57.717226,94.9673981666565,static.building,25.031309127807617
73,0:01:57.766552,94.9673981666565,static.building,23.9783878326416
74,0:01:57.803015,94.9673981666565,static.building,22.93496322631836
75,0:01:57.876999,94.9673981666565,static.building,22.270193099975586
76,0:01:57.876999,94.9673981666565,static.building,21.361692428588867
77,0:02:00.111740,97.58069586753845,static.pole,28.692354202270508
78,0:02:00.203832,97.58069586753845,static.pole,28.064586639404297
79,0:02:00.245777,97.58069586753845,static.pole,27.605178833007812
80,0:02:00.286222,97.58069586753845,static.pole,27.17768096923828
81,0:02:00.329259,97.58069586753845,static.pole,26.814434051513672
82,0:02:00.367842,97.58069586753845,static.pole,26.493494033813477
83,0:02:00.404981,97.58069586753845,static.pole,26.133634567260742
84,0:02:00.404981,97.58069586753845,static.pole,25.931434631347656
85,0:02:00.482956,97.58069586753845,static.pole,25.726280212402344
86,0:02:00.518121,97.58069586753845,static.pole,25.536466598510742
87,0:02:04.177650,101.23403453826904,static.building,19.256994247436523
88,0:02:04.250668,101.75230264663696,static.building,18.5205135345459
89,0:02:04.284858,101.75230264663696,static.building,18.690792083740234
90,0:02:04.284858,101.75230264663696,static.building,19.21898651123047
91,0:02:04.364919,101.75230264663696,static.building,19.92084312438965
92,0:02:04.401281,101.75230264663696,static.building,20.7242488861084
93,0:02:04.442835,101.75230264663696,static.building,20.982336044311523
94,0:02:04.442835,101.75230264663696,static.building,21.14101791381836
95,0:02:04.523466,101.75230264663696,static.building,21.24298667907715
96,0:02:04.558528,101.75230264663696,static.building,21.3158016204834
97,0:02:04.594334,101.75230264663696,static.building,20.934968948364258
98,0:02:04.625713,101.75230264663696,static.building,20.76767349243164
99,0:02:04.625713,101.75230264663696,static.building,20.707643508911133
100,0:02:04.698969,101.75230264663696,static.building,20.691129684448242
101,0:02:04.698969,101.75230264663696,static.building,20.68874740600586
102,0:02:04.777893,102.2859787940979,static.building,20.688610076904297
103,0:02:04.816090,102.2859787940979,static.building,20.685379028320312
104,0:02:04.848414,102.2859787940979,static.building,20.679338455200195
105,0:02:04.884834,102.2859787940979,static.building,20.672691345214844
106,0:02:04.884834,102.2859787940979,static.building,20.670412063598633
107,0:02:04.958649,102.2859787940979,static.building,20.669652938842773
108,0:02:04.958649,102.2859787940979,static.building,20.669448852539062
109,0:02:05.059403,102.2859787940979,static.building,20.669536590576172
110,0:02:05.105808,102.2859787940979,static.building,20.670757293701172
111,0:02:05.144246,102.2859787940979,static.building,20.6744327545166
112,0:02:05.181550,102.2859787940979,static.building,20.672931671142578
113,0:02:05.219800,102.2859787940979,static.building,20.675281524658203
114,0:02:05.258195,102.2859787940979,static.building,20.674842834472656
115,0:02:05.258195,102.79526162147522,static.building,20.677236557006836
116,0:02:05.323838,102.79526162147522,static.building,20.67840003967285
117,0:02:05.360504,102.79526162147522,static.building,20.683778762817383
118,0:02:05.392477,102.79526162147522,static.building,20.70682144165039
119,0:02:05.431533,102.79526162147522,static.building,20.757776260375977
120,0:02:05.471877,102.79526162147522,static.building,20.831653594970703
121,0:02:05.471877,102.79526162147522,static.building,21.333826065063477
122,0:02:05.541920,102.79526162147522,static.building,21.32278823852539
123,0:02:05.574841,102.79526162147522,static.building,21.30799102783203
124,0:02:05.574841,102.79526162147522,static.building,21.296552658081055
125,0:02:05.659650,102.79526162147522,static.building,21.291566848754883
126,0:02:05.693652,102.79526162147522,static.building,21.290922164916992
127,0:02:05.693652,102.79526162147522,static.building,21.300588607788086
128,0:02:05.793450,102.79526162147522,static.building,21.314918518066406
129,0:02:05.824895,103.32402038574219,static.building,21.339282989501953
130,0:02:05.824895,103.32402038574219,static.building,21.246950149536133
131,0:02:05.892526,103.32402038574219,static.building,21.011062622070312
132,0:02:05.892526,103.32402038574219,static.building,20.888015747070312
133,0:02:05.965182,103.32402038574219,static.building,20.90728759765625
134,0:02:06.021913,103.32402038574219,static.building,21.00786590576172
135,0:02:06.066460,103.32402038574219,static.building,21.159109115600586
136,0:02:06.120712,103.32402038574219,static.building,21.265085220336914
137,0:02:06.152975,103.32402038574219,static.building,21.441598892211914
138,0:02:06.199121,103.32402038574219,static.building,21.60651206970215
139,0:02:06.236699,103.32402038574219,static.building,21.863792419433594
140,0:02:06.236699,103.32402038574219,static.building,22.025842666625977
141,0:02:06.315883,103.32402038574219,static.building,22.29779052734375
142,0:02:06.315883,103.85258054733276,static.building,22.633970260620117
143,0:02:06.398766,103.85258054733276,static.building,22.847797393798828
144,0:02:06.435817,103.85258054733276,static.building,23.214458465576172
145,0:02:06.474120,103.85258054733276,static.building,23.600576400756836
146,0:02:06.504535,103.85258054733276,static.building,24.008289337158203
147,0:02:06.550353,103.85258054733276,static.building,23.703048706054688
148,0:02:06.550353,103.85258054733276,static.building,24.273439407348633
149,0:02:06.599570,103.85258054733276,static.building,25.025367736816406
150,0:02:06.674041,103.85258054733276,static.building,25.925168991088867
151,0:02:06.711320,103.85258054733276,static.building,27.145668029785156
152,0:02:06.753756,103.85258054733276,static.building,28.557384490966797
153,0:02:06.795871,103.85258054733276,static.pole,19.620281219482422
154,0:02:06.847718,103.85258054733276,static.pole,19.251544952392578
155,0:02:06.882586,104.3816602230072,static.pole,19.273406982421875
156,0:02:16.813409,114.31014823913574,static.pole,29.18234634399414
157,0:02:16.813409,114.31014823913574,static.pole,28.532615661621094
158,0:02:16.813409,114.31014823913574,static.pole,27.960248947143555
159,0:02:16.813409,114.31014823913574,static.pole,27.712909698486328
160,0:02:16.953223,114.31014823913574,static.pole,27.51022720336914
161,0:02:16.953223,114.31014823913574,static.pole,27.33061981201172
162,0:02:16.953223,114.31014823913574,static.pole,27.252180099487305
163,0:02:17.056242,114.31014823913574,static.pole,27.264869689941406
164,0:03:05.648350,162.8505985736847,traffic.traffic_light,9.584578514099121
165,0:03:05.751868,162.8505985736847,traffic.traffic_light,9.606931686401367
166,0:03:05.797288,162.8505985736847,traffic.traffic_light,9.656351089477539
167,0:03:05.830245,162.8505985736847,traffic.traffic_light,9.769946098327637
168,0:03:05.830245,163.38591074943542,traffic.traffic_light,9.922929763793945
169,0:03:05.934482,163.38591074943542,traffic.traffic_light,10.066302299499512
170,0:03:05.974156,163.38591074943542,traffic.traffic_light,10.24506950378418
171,0:03:06.021651,163.38591074943542,traffic.traffic_light,10.401102066040039
172,0:03:06.061640,163.38591074943542,traffic.traffic_light,10.571462631225586
173,0:03:06.104282,163.38591074943542,traffic.traffic_light,10.746064186096191
174,0:03:06.147370,163.38591074943542,traffic.traffic_light,10.973527908325195
175,0:03:06.202318,163.38591074943542,traffic.traffic_light,11.177437782287598
176,0:03:06.250529,163.38591074943542,traffic.traffic_light,11.489340782165527
177,0:03:06.322565,163.38591074943542,traffic.traffic_light,11.732061386108398
178,0:03:06.377291,163.38591074943542,traffic.traffic_light,11.90783405303955
179,0:03:06.377291,163.91689205169678,traffic.traffic_light,12.070910453796387
180,0:03:06.451914,163.91689205169678,traffic.traffic_light,12.284399032592773
181,0:03:06.497967,163.91689205169678,traffic.traffic_light,12.482827186584473
182,0:03:06.540160,163.91689205169678,traffic.traffic_light,12.704473495483398
183,0:03:06.586620,163.91689205169678,traffic.traffic_light,12.936361312866211
184,0:03:06.634525,163.91689205169678,traffic.traffic_light,13.158866882324219
185,0:03:06.679870,163.91689205169678,traffic.traffic_light,13.396912574768066
186,0:03:06.727866,163.91689205169678,traffic.traffic_light,13.569231986999512
187,0:03:06.762821,163.91689205169678,traffic.traffic_light,13.798745155334473
188,0:03:06.809662,163.91689205169678,traffic.traffic_light,14.003582000732422
189,0:03:06.850867,163.91689205169678,traffic.traffic_light,14.230886459350586
190,0:03:06.896630,163.91689205169678,traffic.traffic_light,14.460588455200195
191,0:03:06.943254,164.4501609802246,traffic.traffic_light,14.642051696777344
192,0:03:06.980142,164.4501609802246,traffic.traffic_light,14.906136512756348
193,0:03:06.980142,164.4501609802246,traffic.traffic_light,15.247208595275879
194,0:03:07.087739,164.4501609802246,traffic.traffic_light,15.485069274902344
195,0:03:07.118102,164.4501609802246,traffic.traffic_light,15.921697616577148
196,0:03:19.725607,176.96240091323853,traffic.traffic_light,21.173795700073242
197,0:03:19.774620,176.96240091323853,traffic.traffic_light,20.629566192626953
198,0:03:19.819615,176.96240091323853,traffic.traffic_light,20.449352264404297
199,0:03:19.852383,176.96240091323853,traffic.traffic_light,20.288848876953125
200,0:03:19.906135,176.96240091323853,traffic.traffic_light,20.21048927307129
201,0:03:19.906135,176.96240091323853,traffic.traffic_light,20.185924530029297
202,0:03:19.994221,177.49720287322998,traffic.traffic_light,20.189613342285156
203,0:03:20.032541,177.49720287322998,traffic.traffic_light,20.219358444213867
204,0:03:20.071096,177.49720287322998,traffic.traffic_light,20.276933670043945
205,0:03:20.111741,177.49720287322998,traffic.traffic_light,20.381546020507812
206,0:03:20.159097,177.49720287322998,traffic.traffic_light,20.479854583740234
207,0:03:20.202304,177.49720287322998,traffic.traffic_light,20.580087661743164
208,0:03:20.240799,177.49720287322998,traffic.traffic_light,20.763084411621094
209,0:03:20.287645,177.49720287322998,traffic.traffic_light,21.027935028076172
210,0:03:21.712596,179.05621671676636,traffic.traffic_light,29.037979125976562
211,0:03:21.751011,179.05621671676636,traffic.traffic_light,28.593896865844727
212,0:03:21.815858,179.05621671676636,traffic.traffic_light,28.440502166748047
213,0:03:21.865724,179.05621671676636,traffic.traffic_light,28.40323257446289
214,0:03:21.865724,179.05621671676636,traffic.traffic_light,28.40534210205078
215,0:03:21.950891,179.05621671676636,traffic.traffic_light,28.407188415527344
216,0:03:22.003956,179.05621671676636,traffic.traffic_light,28.407306671142578
217,0:03:22.003956,179.05621671676636,traffic.traffic_light,28.40705108642578
218,0:03:22.031527,179.5747208595276,traffic.traffic_light,28.40636444091797
219,0:03:22.104874,179.5747208595276,traffic.traffic_light,28.405733108520508
220,0:03:22.104874,179.5747208595276,traffic.traffic_light,28.405019760131836
221,0:03:22.188177,179.5747208595276,traffic.traffic_light,28.404556274414062
222,0:03:22.226600,179.5747208595276,traffic.traffic_light,28.40420150756836
223,0:03:22.265171,179.5747208595276,traffic.traffic_light,28.403867721557617
224,0:03:22.265171,179.5747208595276,traffic.traffic_light,28.403867721557617
225,0:03:22.357965,179.5747208595276,traffic.traffic_light,28.4036808013916
226,0:03:22.397416,179.5747208595276,traffic.traffic_light,28.40363311767578
227,0:03:22.431491,179.5747208595276,traffic.traffic_light,28.4035701751709
228,0:03:22.474438,179.5747208595276,traffic.traffic_light,28.403526306152344
229,0:03:22.508972,179.5747208595276,traffic.traffic_light,28.40347671508789
230,0:03:22.552107,179.5747208595276,traffic.traffic_light,28.4034481048584
231,0:03:22.552107,180.08976912498474,traffic.traffic_light,28.403419494628906
232,0:03:22.622174,180.08976912498474,traffic.traffic_light,28.403396606445312
233,0:03:22.664794,180.08976912498474,traffic.traffic_light,28.403379440307617
234,0:03:22.737219,180.08976912498474,traffic.traffic_light,28.40337371826172
235,0:03:22.783931,180.08976912498474,traffic.traffic_light,28.403371810913086
236,0:03:22.819688,180.08976912498474,traffic.traffic_light,28.403364181518555
237,0:03:22.870060,180.08976912498474,traffic.traffic_light,28.403364181518555
238,0:03:22.910316,180.08976912498474,traffic.traffic_light,28.403362274169922
239,0:03:22.955666,180.08976912498474,traffic.traffic_light,28.403358459472656
240,0:03:22.986130,180.08976912498474,traffic.traffic_light,28.403362274169922
241,0:03:22.986130,180.08976912498474,traffic.traffic_light,28.403358459472656
242,0:03:23.058827,180.08976912498474,traffic.traffic_light,28.403362274169922
243,0:03:23.107877,180.60569715499878,traffic.traffic_light,28.403358459472656
244,0:03:23.150435,180.60569715499878,traffic.traffic_light,28.403362274169922
245,0:03:23.178976,180.60569715499878,traffic.traffic_light,28.403362274169922
246,0:03:23.209749,180.60569715499878,traffic.traffic_light,28.403364181518555
247,0:03:23.256516,180.60569715499878,traffic.traffic_light,28.403362274169922
248,0:03:23.290501,180.60569715499878,traffic.traffic_light,28.403362274169922
249,0:03:23.335069,180.60569715499878,traffic.traffic_light,28.403362274169922
250,0:03:23.367428,180.60569715499878,traffic.traffic_light,28.403362274169922
251,0:03:23.405430,180.60569715499878,traffic.traffic_light,28.403362274169922
252,0:03:23.405430,180.60569715499878,traffic.traffic_light,28.403362274169922
253,0:03:23.474965,180.60569715499878,traffic.traffic_light,28.403858184814453
254,0:03:23.525390,180.60569715499878,traffic.traffic_light,28.404226303100586
255,0:03:23.562083,180.60569715499878,traffic.traffic_light,28.40518569946289
256,0:03:23.604958,180.60569715499878,traffic.traffic_light,28.40587615966797
257,0:03:23.636805,181.14199376106262,traffic.traffic_light,28.406723022460938
258,0:03:23.676645,181.14199376106262,traffic.traffic_light,28.410181045532227
259,0:03:23.676645,181.14199376106262,traffic.traffic_light,28.41867446899414
260,0:03:23.800170,181.14199376106262,traffic.traffic_light,28.4306697845459
261,0:03:23.800170,181.14199376106262,traffic.traffic_light,28.455665588378906
262,0:03:23.889318,181.14199376106262,traffic.traffic_light,28.481861114501953
263,0:03:23.920323,181.14199376106262,traffic.traffic_light,28.52926254272461
264,0:03:23.966817,181.14199376106262,traffic.traffic_light,28.593156814575195
265,0:03:24.010977,181.14199376106262,traffic.traffic_light,28.66757583618164
266,0:03:24.051124,181.14199376106262,traffic.traffic_light,28.775306701660156
267,0:03:24.089092,181.14199376106262,traffic.traffic_light,28.92761993408203
268,0:03:24.126900,181.14199376106262,traffic.traffic_light,29.093507766723633
269,0:03:24.163242,181.66435050964355,traffic.traffic_light,29.271268844604492
270,0:03:24.197022,181.66435050964355,traffic.traffic_light,29.839488983154297
271,0:03:25.964587,183.26655793190002,traffic.traffic_light,24.983383178710938
272,0:03:26.051069,183.26655793190002,traffic.traffic_light,24.684473037719727
273,0:03:26.093569,183.26655793190002,traffic.traffic_light,24.578655242919922
274,0:03:26.139106,183.26655793190002,traffic.traffic_light,24.559907913208008
275,0:03:26.171780,183.26655793190002,traffic.traffic_light,24.543813705444336
276,0:03:26.171780,183.26655793190002,traffic.traffic_light,24.550188064575195
277,0:03:26.254390,183.26655793190002,traffic.traffic_light,24.615205764770508
278,0:03:26.254390,183.806414604187,traffic.traffic_light,24.753463745117188
279,0:03:26.343883,183.806414604187,traffic.traffic_light,24.975236892700195
280,0:03:26.430082,183.806414604187,traffic.traffic_light,25.31296157836914
281,0:03:26.430082,183.806414604187,traffic.traffic_light,25.949037551879883
