,Sim_time,Rec_time,Server_fps,Client_fps,Autopilot,Speed,Heading,Accelerometer,Gyroscope,Location,GNSS,Height,Throttle,Brake,Gear,Steering,Vehicle
0,0:19:08.120163,0.027529478073120117,27.100271224975586,27.100271224975586,False,0.0020664939201364006,0°  N,"(  0.0,  0.0,  9.8)","( -0.0, -0.0, -0.0)","(-41.9, -30.4)","( 0.000282, -0.000376)",0 m,0%,0%,N,0.0015039155259728432,Dodge Charger 2020
1,0:19:08.639309,0.5525178909301758,31.64556884765625,30.58104133605957,False,0.00021845642578133116,0°  N,"( -0.0, -0.0,  9.9)","( -0.0, -0.0,  0.0)","(-41.9, -30.4)","( 0.000282, -0.000376)",0 m,0%,0%,N,0.0015039155259728432,Dodge Charger 2020
2,0:19:09.195902,1.0774011611938477,32.57328796386719,32.78688430786133,False,0.0013705103799192618,0°  N,"( -0.0, -0.0,  9.9)","(  0.0,  0.0,  0.0)","(-41.9, -30.4)","( 0.000282, -0.000376)",0 m,0%,0%,N,0.0015039155259728432,Dodge Charger 2020
3,0:19:09.683749,1.5939350128173828,34.843204498291016,33.44481658935547,False,0.0018298589325632614,0°  N,"( -0.0,  0.0,  9.8)","( -0.0, -0.0,  0.0)","(-41.9, -30.4)","( 0.000282, -0.000376)",0 m,45%,0%,N,0.0015039155259728432,Dodge Charger 2020
4,0:19:10.211343,2.1633858680725098,32.894737243652344,34.48276138305664,False,0.004689342504365148,0°  N,"(  3.1,  0.0,  9.8)","(  0.0, -1.5,  0.0)","(-41.9, -30.4)","( 0.000282, -0.000376)",0 m,62%,0%,N,0.0015039155259728432,Dodge Charger 2020
5,0:19:10.782941,2.6901495456695557,28.98550796508789,28.40909194946289,False,8.94267162566761,0°  N,"(  3.0, -0.0,  9.8)","( -0.0,  0.1, -0.5)","(-41.8, -31.3)","( 0.000290, -0.000376)",0 m,63%,0%,1,0.0015039155259728432,Dodge Charger 2020
6,0:19:11.272139,3.1964008808135986,31.25,31.948883056640625,False,14.794700387587259,0°  N,"(  3.3,  0.0,  9.8)","(  0.0,  0.0,  0.1)","(-41.8, -33.1)","( 0.000306, -0.000376)",0 m,64%,0%,1,0.0015039155259728432,Dodge Charger 2020
7,0:19:11.825581,3.7060623168945312,29.498525619506836,28.98550796508789,False,18.777165922271212,1° NE,"(  0.1,  0.0,  9.8)","( -0.0,  0.3,  0.2)","(-41.8, -35.6)","( 0.000329, -0.000375)",0 m,64%,0%,1,0.0015039155259728432,Dodge Charger 2020
8,0:19:12.316101,4.223599672317505,30.95975112915039,31.64556884765625,False,22.019605961883475,1° NE,"(  1.7,  0.0,  9.8)","(  0.0,  0.2,  0.2)","(-41.8, -38.3)","( 0.000353, -0.000375)",0 m,58%,0%,1,0.0015039155259728432,Dodge Charger 2020
9,0:19:12.830407,4.7404749393463135,28.65329360961914,28.490028381347656,False,25.793056186551258,1° NE,"(  2.7,  0.3,  9.8)","(  0.2, -0.1,  0.8)","(-41.7, -42.0)","( 0.000384, -0.000375)",0 m,57%,0%,1,0.010565799660980701,Dodge Charger 2020
10,0:19:13.342935,5.256325721740723,28.65329360961914,28.490028381347656,False,31.381592239587423,4° NE,"(  3.6,  1.9,  9.8)","(  0.6,  0.2, 11.8)","(-41.5, -46.0)","( 0.000423, -0.000373)",0 m,48%,0%,2,0.07194208353757858,Dodge Charger 2020
11,0:19:13.873982,5.788600206375122,27.247955322265625,26.737966537475586,False,33.10900765823419,12° NE,"( -0.7,  5.3,  9.8)","(  1.2,  0.7, 28.6)","(-40.7, -50.8)","( 0.000465, -0.000364)",0 m,22%,0%,2,0.18941646814346313,Dodge Charger 2020
12,0:19:14.386339,6.2926716804504395,29.6735897064209,29.585798263549805,False,26.868292283939358,34° NE,"( -5.2,  8.7,  9.6)","(  0.9,  1.5, 54.0)","(-38.8, -54.5)","( 0.000497, -0.000344)",0 m,0%,0%,2,0.40523263812065125,Dodge Charger 2020
13,0:19:14.910717,6.828986644744873,27.397258758544922,26.954177856445312,False,17.796323395345404,61° NE,"( -3.7,  3.5,  9.8)","( -1.5,  0.1, 36.4)","(-36.1, -56.3)","( 0.000510, -0.000317)",0 m,26%,0%,1,0.37803903222084045,Dodge Charger 2020
14,0:19:15.472317,7.356047868728638,30.395137786865234,30.21148109436035,False,17.38160580962551,72° NE,"(  1.3,  1.1,  9.8)","(  0.0, -0.3, 12.7)","(-33.8, -57.0)","( 0.000515, -0.000295)",0 m,56%,0%,1,0.1275179386138916,Dodge Charger 2020
15,0:19:15.940733,7.856658935546875,27.855154037475586,28.32861328125,False,18.272582374276723,80° NE,"(  0.7,  1.2,  9.8)","( -0.8, -0.1, 18.9)","(-31.2, -57.4)","( 0.000517, -0.000272)",0 m,62%,0%,1,0.16661125421524048,Dodge Charger 2020
16,0:19:16.470674,8.388381242752075,25.906734466552734,26.04166603088379,False,23.288327116862995,88° NE,"(  2.4,  0.7,  9.8)","( -0.4, -0.1,  9.5)","(-28.2, -57.5)","( 0.000517, -0.000244)",0 m,63%,0%,1,0.06566943228244781,Dodge Charger 2020
17,0:19:16.992627,8.910490989685059,29.940120697021484,29.6735897064209,False,30.03794117187047,91° SE,"(  5.5,  0.0,  9.8)","( -0.2, -0.3,  0.5)","(-24.4, -57.5)","( 0.000516, -0.000210)",0 m,63%,0%,2,0.0015039155259728432,Dodge Charger 2020
18,0:19:17.527013,9.436131954193115,25.57544708251953,24.93765640258789,False,35.71666657564119,91° SE,"(  3.2, -0.0,  9.8)","( -0.0,  0.0, -0.3)","(-19.7, -57.4)","( 0.000515, -0.000168)",0 m,64%,0%,2,-0.0015156649751588702,Dodge Charger 2020
19,0:19:18.048080,9.962908267974854,27.700830459594727,28.248586654663086,False,40.45282241297175,89° NE,"(  2.3, -1.4,  9.8)","( -0.3,  0.1, -7.4)","(-13.8, -57.4)","( 0.000516, -0.000115)",0 m,64%,0%,2,-0.03484528139233589,Dodge Charger 2020
20,0:19:18.550563,10.466385126113892,27.624309539794922,27.77777671813965,False,45.706609627382456,88° NE,"(  2.4,  1.1,  9.8)","(  0.5,  0.2,  6.7)","( -7.7, -57.6)","( 0.000518, -0.000065)",0 m,64%,0%,3,0.025706475600600243,Dodge Charger 2020
21,0:19:19.080684,10.992052555084229,29.15452003479004,28.735633850097656,False,49.69775875769374,92° SE,"(  2.0,  0.5,  9.8)","( -0.4,  0.0,  1.1)","( -1.2, -57.5)","( 0.000517, -0.000002)",0 m,65%,0%,3,0.0015039155259728432,Dodge Charger 2020
22,0:19:19.595800,11.505144119262695,27.4725284576416,27.77777671813965,False,53.34105368373806,92° SE,"(  2.0,  0.1,  9.8)","( -0.1,  0.0,  0.4)","(  6.6, -57.3)","( 0.000515,  0.000068)",0 m,65%,0%,3,0.0015039155259728432,Dodge Charger 2020
23,0:19:20.091453,12.006316423416138,29.498525619506836,29.850746154785156,False,55.980278860640276,90°  E,"(  0.4, -2.7,  9.8)","( -1.1,  0.1,-12.1)","( 13.8, -57.2)","( 0.000513,  0.000133)",0 m,65%,0%,N,-0.04709017649292946,Dodge Charger 2020
24,0:19:20.611396,12.52401065826416,29.761905670166016,29.850746154785156,False,59.764345803426146,83° NE,"(  1.7, -1.5,  9.8)","(  1.1,  0.1, -5.6)","( 22.7, -57.7)","( 0.000519,  0.000212)",0 m,65%,0%,4,0.0015039155259728432,Dodge Charger 2020
25,0:19:21.138379,13.06359601020813,29.6735897064209,29.940120697021484,False,63.1152458208773,84° NE,"(  1.7,  0.8,  9.8)","(  0.3,  0.0,  3.9)","( 31.8, -58.7)","( 0.000528,  0.000294)",0 m,65%,0%,4,0.0015039155259728432,Dodge Charger 2020
26,0:19:21.649853,13.583548545837402,29.761905670166016,27.173912048339844,False,64.20232900209004,85° NE,"( -2.3,  0.2,  9.8)","( -0.2,  0.6,  0.5)","( 41.2, -59.6)","( 0.000536,  0.000379)",0 m,0%,0%,4,0.0015039155259728432,Dodge Charger 2020
27,0:19:22.176443,14.097140073776245,29.498525619506836,29.940120697021484,False,58.95266383802704,86° NE,"( -2.9,  1.3,  9.8)","(  0.4,  0.0,  5.5)","( 49.8, -60.3)","( 0.000542,  0.000456)",0 m,0%,0%,4,0.019641857594251633,Dodge Charger 2020
28,0:19:22.703173,14.610322713851929,30.674846649169922,27.100271224975586,False,53.85861284075211,90°  E,"( -2.5,  2.0,  9.8)","( -0.2,  0.0,  7.1)","( 57.9, -60.5)","( 0.000544,  0.000529)",0 m,1%,0%,4,0.019641857594251633,Dodge Charger 2020
29,0:19:23.206813,15.117618322372437,29.069766998291016,29.32551383972168,False,49.48634515427745,92° SE,"( -2.3,  0.7, 10.0)","( -0.4,  0.1,  2.1)","( 64.6, -60.4)","( 0.000542,  0.000590)",0 m,1%,0%,4,0.007544197607785463,Dodge Charger 2020
30,0:19:23.751932,15.634533882141113,26.595745086669922,26.80965232849121,False,44.90778097419897,96° SE,"( -3.5,  2.8,  9.8)","(  0.5,  0.3, 13.1)","( 71.8, -59.9)","( 0.000537,  0.000654)",0 m,7%,0%,3,0.05633508786559105,Dodge Charger 2020
31,0:19:24.279414,16.160693407058716,28.169015884399414,28.40909194946289,False,39.95125994171854,103° SE,"( -2.1,  3.5,  9.8)","(  0.3,  0.1, 16.1)","( 77.8, -58.8)","( 0.000526,  0.000708)",0 m,12%,0%,3,0.08143612742424011,Dodge Charger 2020
32,0:19:24.742139,16.666324615478516,27.932960510253906,27.855154037475586,False,36.4754272284923,113° SE,"( -1.8,  3.9,  9.8)","(  0.3,  0.2, 21.0)","( 82.4, -57.2)","( 0.000510,  0.000749)",0 m,14%,0%,3,0.11067035794258118,Dodge Charger 2020
33,0:19:25.260794,17.170021295547485,28.735633850097656,29.239765167236328,False,32.204188817600965,124° SE,"( -4.9,  3.2,  9.8)","( -0.4,  0.8, 17.9)","( 86.9, -54.5)","( 0.000485,  0.000789)",0 m,47%,0%,2,0.10078465193510056,Dodge Charger 2020
34,0:19:25.765700,17.678918600082397,27.322404861450195,26.595745086669922,False,33.81320341792665,133° SE,"(  4.1,  3.2,  9.8)","(  0.4, -0.4, 18.9)","( 90.4, -51.6)","( 0.000457,  0.000819)",0 m,75%,0%,2,0.10406281799077988,Dodge Charger 2020
35,0:19:26.331342,18.21299147605896,29.940120697021484,30.395137786865234,False,42.37011693358469,142° SE,"(  5.1,  2.8,  9.8)","(  0.0,  0.0, 14.8)","( 94.1, -47.3)","( 0.000418,  0.000850)",0 m,90%,0%,3,0.06254854053258896,Dodge Charger 2020
36,0:19:26.832370,18.742414712905884,24.509803771972656,25.252525329589844,False,49.91275429426967,150° SE,"(  4.7,  4.2,  9.7)","(  0.6, -0.1, 17.8)","( 97.8, -41.5)","( 0.000368,  0.000881)",0 m,92%,0%,4,0.07194208353757858,Dodge Charger 2020
37,0:19:27.363363,19.248331785202026,28.089887619018555,29.069766998291016,False,56.86500266773179,162° SE,"(  3.5,  7.3,  9.6)","(  1.0,  0.7, 29.8)","( 100.8, -34.6)","( 0.000302,  0.000908)",0 m,76%,0%,4,0.10078465193510056,Dodge Charger 2020
38,0:19:27.834075,19.757198095321655,24.752473831176758,24.81389617919922,False,58.83718004315141,172° SE,"( -0.4,  3.9,  9.8)","( -1.1,  0.4, 10.6)","( 102.5, -26.4)","( 0.000228,  0.000922)",0 m,34%,0%,4,0.0317864865064621,Dodge Charger 2020
39,0:19:28.363979,20.285733938217163,28.735633850097656,27.700830459594727,False,55.31020540307453,177° SE,"( -2.7,  2.3,  9.8)","( -0.5,  0.2,  7.5)","( 103.2, -18.1)","( 0.000153,  0.000928)",0 m,0%,0%,4,0.025706475600600243,Dodge Charger 2020
40,0:19:28.911806,20.792022466659546,29.069766998291016,25.188915252685547,False,49.212971935443846,182° SW,"( -3.7,  2.4,  9.8)","( -0.1,  0.1,  9.7)","( 103.2, -10.7)","( 0.000087,  0.000927)",0 m,0%,37%,4,0.03483341634273529,Dodge Charger 2020
41,0:19:29.400261,21.309768199920654,27.855154037475586,27.855154037475586,False,39.22893461301526,185° SW,"( -3.1,  0.3,  9.8)","( -0.6, -0.7,  0.5)","( 102.8,  -4.4)","( 0.000031,  0.000923)",0 m,0%,57%,N,0.0015039155259728432,Dodge Charger 2020
42,0:19:29.922124,21.83235001564026,25.125627517700195,25.0,False,26.32750916558786,185° SW,"( -4.7,  0.0,  9.8)","( -0.1,  0.0,  0.2)","( 102.4,   0.1)","(-0.000010,  0.000919)",0 m,0%,56%,N,0.0015039155259728432,Dodge Charger 2020
43,0:19:30.451853,22.412508010864258,28.490028381347656,28.735633850097656,False,12.262128868221913,185° SW,"( -2.9, -0.2,  9.8)","(  0.0, -0.6, -1.8)","( 102.2,   2.7)","(-0.000034,  0.000917)",0 m,0%,0%,1,-0.0287561547011137,Dodge Charger 2020
44,0:19:31.005170,22.920393466949463,24.44987678527832,24.509803771972656,False,13.283791133123941,182° SW,"(  5.7, -0.3,  9.8)","( -0.0, -0.9, -5.3)","( 102.2,   4.3)","(-0.000048,  0.000918)",0 m,90%,0%,1,-0.06256067007780075,Dodge Charger 2020
45,0:19:31.491065,23.435142040252686,26.109661102294922,27.322404861450195,False,21.092280278431893,181° SW,"(  4.6,  0.1,  9.8)","(  0.0, -0.0,  0.2)","( 102.2,   6.6)","(-0.000068,  0.000918)",0 m,90%,0%,1,0.0015039155259728432,Dodge Charger 2020
46,0:19:32.071281,23.952519178390503,25.125627517700195,26.8817195892334,False,34.253719918249544,181° SW,"(  5.3,  0.1,  9.8)","(  0.0,  0.3,  0.3)","( 102.1,  11.2)","(-0.000109,  0.000917)",0 m,83%,0%,2,0.0015039155259728432,Dodge Charger 2020
47,0:19:32.561676,24.474634170532227,25.125627517700195,26.737966537475586,False,41.764051007492235,181° SW,"(  4.4, -0.1,  9.8)","( -0.2,  0.2, -0.2)","( 102.0,  16.9)","(-0.000160,  0.000916)",0 m,83%,0%,3,-0.004535471089184284,Dodge Charger 2020
48,0:19:33.104201,24.9847993850708,34.013607025146484,26.954177856445312,False,50.123400108852294,180°  S,"(  0.3, -0.1,  9.8)","(  0.1,  0.8,  0.0)","( 101.9,  23.5)","(-0.000220,  0.000915)",0 m,83%,0%,N,0.0015039155259728432,Dodge Charger 2020
49,0:19:33.587359,25.496782779693604,28.32861328125,29.15452003479004,False,56.012861741666086,180°  S,"(  3.8,  0.0, 10.3)","( -0.4,  0.1, -0.4)","( 101.8,  30.6)","(-0.000284,  0.000915)",0 m,76%,0%,4,0.0015039155259728432,Dodge Charger 2020
50,0:19:34.088434,26.005918741226196,33.33333206176758,23.923444747924805,False,58.372021663191724,181° SW,"(  0.5,  0.1,  9.8)","( -0.0,  0.2,  0.4)","( 101.8,  38.7)","(-0.000356,  0.000914)",0 m,48%,0%,4,0.0015039155259728432,Dodge Charger 2020
51,0:19:34.613920,26.52170705795288,29.239765167236328,25.906734466552734,False,59.20921560835775,180°  S,"(  0.4, -0.3,  9.8)","(  0.1,  0.0, -1.0)","( 101.7,  47.7)","(-0.000437,  0.000914)",0 m,48%,0%,4,0.0015039155259728432,Dodge Charger 2020
52,0:19:35.105442,27.028600931167603,28.248586654663086,25.252525329589844,False,59.694933054161886,180°  S,"( -0.2, -1.8,  9.5)","(  1.0, -0.7,  0.3)","( 101.7,  56.0)","(-0.000512,  0.000914)",0 m,33%,0%,4,0.0015039155259728432,Dodge Charger 2020
53,0:19:35.681070,27.569145917892456,27.624309539794922,28.818443298339844,False,55.8270252305133,180°  S,"( -2.4,  0.5,  9.8)","(  0.1,  0.1,  1.3)","( 101.7,  64.8)","(-0.000591,  0.000914)",0 m,0%,0%,4,0.007544197607785463,Dodge Charger 2020
54,0:19:36.240261,28.1203830242157,32.894737243652344,30.487804412841797,False,50.83104295775019,181° SW,"( -2.2,  0.2,  9.8)","( -0.1, -0.0,  0.4)","( 101.6,  72.9)","(-0.000664,  0.000913)",0 m,0%,0%,4,0.0015039155259728432,Dodge Charger 2020
55,0:19:36.716085,28.632415771484375,33.33333206176758,28.169015884399414,False,46.72184108975494,181° SW,"( -4.9,  0.1,  9.8)","( -0.0,  0.6,  0.4)","( 101.5,  79.8)","(-0.000726,  0.000912)",0 m,0%,0%,3,0.0015039155259728432,Dodge Charger 2020
56,0:19:37.252486,29.132866382598877,26.3157901763916,29.850746154785156,False,43.09772668506858,181° SW,"(  0.5,  0.1,  9.8)","( -0.0, -0.4,  0.3)","( 101.4,  85.9)","(-0.000780,  0.000911)",0 m,52%,0%,3,0.0015039155259728432,Dodge Charger 2020
57,0:19:37.720132,29.6392879486084,32.57328796386719,27.932960510253906,False,44.76848830926675,181° SW,"(  1.0,  0.1,  9.8)","(  0.0, -0.0,  0.4)","( 101.3,  92.1)","(-0.000836,  0.000910)",0 m,52%,0%,3,0.0015039155259728432,Dodge Charger 2020
58,0:19:38.232206,30.148236751556396,31.54574203491211,31.54574203491211,False,46.47661443816085,184° SW,"(  0.7,  4.7,  9.8)","(  2.1,  0.2, 19.6)","( 101.0,  98.5)","(-0.000894,  0.000907)",0 m,52%,0%,3,0.10078465193510056,Dodge Charger 2020
59,0:19:38.804468,30.684035062789917,31.64556884765625,29.585798263549805,False,47.948022957005556,196° SW,"(  0.9,  3.7,  9.8)","( -0.7,  0.2, 13.7)","( 99.7,  105.4)","(-0.000956,  0.000893)",0 m,52%,0%,3,0.0470782145857811,Dodge Charger 2020
60,0:19:39.303523,31.220019578933716,30.86419677734375,32.15434265136719,False,49.31558584897039,206° SW,"(  0.8,  5.1,  9.7)","( -0.0,  0.4, 24.0)","( 97.1,  112.2)","(-0.001016,  0.000868)",0 m,52%,0%,3,0.08143612742424011,Dodge Charger 2020
61,0:19:39.836156,31.74230647087097,32.78688430786133,28.089887619018555,False,50.65109010788934,216° SW,"(  0.8,  4.8,  9.7)","( -0.1,  0.3, 18.8)","( 93.5,  118.1)","(-0.001068,  0.000835)",0 m,52%,0%,3,0.07194208353757858,Dodge Charger 2020
62,0:19:40.334572,32.253283739089966,30.21148109436035,29.32551383972168,False,51.80256201526159,226° SW,"(  0.7,  4.6,  9.7)","( -0.1,  0.3, 17.7)","( 88.4,  123.7)","(-0.001118,  0.000788)",0 m,52%,0%,3,0.06566943228244781,Dodge Charger 2020
63,0:19:40.851992,32.765496015548706,29.498525619506836,25.906734466552734,False,52.79362258581142,236° SW,"(  0.5,  6.2,  9.7)","(  0.7,  0.4, 23.9)","( 82.9,  128.1)","(-0.001156,  0.000738)",0 m,52%,0%,3,0.09752273559570312,Dodge Charger 2020
64,0:19:41.371628,33.296457290649414,28.65329360961914,29.32551383972168,False,53.6728969563303,250° SW,"(  0.5,  6.7,  9.7)","(  0.2,  0.5, 25.3)","( 75.6,  131.7)","(-0.001187,  0.000671)",0 m,52%,0%,3,0.09427646547555923,Dodge Charger 2020
65,0:19:41.915193,33.832624435424805,29.239765167236328,26.178010940551758,False,54.60693961511628,262° SW,"(  0.6,  5.6,  9.7)","( -0.2,  0.4, 20.3)","( 67.6,  133.6)","(-0.001202,  0.000598)",0 m,52%,0%,3,0.07194208353757858,Dodge Charger 2020
66,0:19:42.440669,34.36839771270752,28.40909194946289,28.98550796508789,False,55.639415891078876,270°  W,"(  0.7,  1.6,  9.8)","( -1.7,  0.0,  3.7)","( 59.5,  134.1)","(-0.001204,  0.000525)",0 m,52%,0%,3,0.0015039155259728432,Dodge Charger 2020
67,0:19:42.987429,34.908963203430176,25.188915252685547,25.06265640258789,False,56.82421916342081,270°  W,"(  0.6, -0.9,  9.8)","( -0.8,  0.0, -4.6)","( 51.0,  134.0)","(-0.001204,  0.000455)",0 m,52%,0%,3,-0.01662595383822918,Dodge Charger 2020
68,0:19:43.514767,35.430930376052856,34.013607025146484,24.93765640258789,False,57.874687198915396,270°  W,"(  0.4,  0.0,  9.8)","(  0.2,  0.0,  0.4)","( 42.7,  134.0)","(-0.001204,  0.000374)",0 m,49%,0%,3,0.0015039155259728432,Dodge Charger 2020
69,0:19:44.022508,35.935142517089844,28.571428298950195,30.95975112915039,False,58.43633971486252,270°  W,"(  0.3,  0.1,  9.8)","(  0.0,  0.0,  0.5)","( 34.4,  134.1)","(-0.001204,  0.000300)",0 m,49%,0%,3,0.0015039155259728432,Dodge Charger 2020
70,0:19:44.584207,36.467597007751465,31.54574203491211,30.487804412841797,False,58.89042310258798,270°  W,"(  0.3,  0.7,  9.8)","(  0.3,  0.0,  2.8)","( 25.8,  134.1)","(-0.001204,  0.000223)",0 m,49%,0%,3,0.010565799660980701,Dodge Charger 2020
71,0:19:45.062282,36.96976613998413,28.735633850097656,25.97402572631836,False,58.83741458502049,271° NW,"( -2.2,  0.2,  9.8)","( -0.1,  0.5,  0.5)","( 18.0,  133.9)","(-0.001203,  0.000149)",0 m,0%,0%,3,0.0015039155259728432,Dodge Charger 2020
72,0:19:45.560379,37.480695724487305,29.15452003479004,26.455026626586914,False,52.53149186077563,271° NW,"( -3.9,  0.1,  9.8)","( -0.0,  0.1,  0.4)","(  9.7,  133.7)","(-0.001201,  0.000078)",0 m,0%,0%,3,0.0015039155259728432,Dodge Charger 2020
73,0:19:46.065726,37.992308616638184,26.595745086669922,24.2718448638916,False,46.38817418163955,272° NW,"( -3.3,  0.1,  9.8)","( -0.0, -0.0,  0.4)","(  2.8,  133.6)","(-0.001199,  0.000016)",0 m,0%,0%,3,0.0015039155259728432,Dodge Charger 2020
74,0:19:46.590792,38.50969457626343,29.069766998291016,28.011205673217773,False,40.377849838266826,273° NW,"( -3.0,  2.1,  9.8)","(  0.8,  0.0,  9.4)","( -3.4,  133.3)","(-0.001197, -0.000039)",0 m,0%,0%,3,0.05015605688095093,Dodge Charger 2020
75,0:19:47.124119,39.0386061668396,25.706941604614258,25.125627517700195,False,32.67376879581571,279° NW,"( -5.3,  1.5,  9.8)","( -0.5,  0.1,  9.9)","( -8.7,  132.7)","(-0.001190, -0.000087)",0 m,0%,0%,2,0.05015605688095093,Dodge Charger 2020
76,0:19:47.626493,39.550840616226196,27.173912048339844,29.15452003479004,False,25.433975211242046,282° NW,"(  0.0,  0.2,  9.8)","( -0.3, -0.8,  2.1)","(-12.6,  131.9)","(-0.001183, -0.000122)",0 m,0%,0%,N,0.013588975183665752,Dodge Charger 2020
77,0:19:48.185732,40.06719779968262,24.93765640258789,24.875621795654297,False,15.92406651417944,282° NW,"( -4.1,  0.0,  9.8)","( -0.0, -0.3,  0.1)","(-15.4,  131.3)","(-0.001177, -0.000147)",0 m,0%,0%,1,0.0015039155259728432,Dodge Charger 2020
78,0:19:48.672105,40.587435722351074,28.65329360961914,29.41176414489746,False,9.666366601708585,282° NW,"( -2.3, -0.0,  9.8)","(  0.0, -0.1, -0.3)","(-17.0,  130.9)","(-0.001174, -0.000162)",0 m,0%,0%,1,-0.004535471089184284,Dodge Charger 2020
79,0:19:49.180235,41.09435153007507,24.630542755126953,25.97402572631836,False,7.37563915375242,282° NW,"(  2.2, -0.0,  9.8)","(  0.0, -0.7,  0.4)","(-18.1,  130.7)","(-0.001172, -0.000172)",0 m,59%,0%,1,-0.004535471089184284,Dodge Charger 2020
80,0:19:49.677214,41.59991669654846,28.011205673217773,26.8817195892334,False,12.5679042319661,281° NW,"(  2.5, -0.4,  9.8)","( -0.1,  0.0, -4.8)","(-19.4,  130.4)","(-0.001170, -0.000183)",0 m,47%,0%,1,-0.065681591629982,Dodge Charger 2020
81,0:19:50.184175,42.104668617248535,25.316455841064453,25.57544708251953,False,13.174675885182157,278° NW,"( -2.6, -0.7,  9.8)","(  0.0,  0.6, -9.3)","(-21.5,  130.2)","(-0.001168, -0.000202)",0 m,0%,0%,1,-0.1275312453508377,Dodge Charger 2020
82,0:19:50.752997,42.63982272148132,27.932960510253906,28.490028381347656,False,8.427672165475672,273° NW,"( -2.0,  0.0,  9.8)","(  0.2, -0.1, -5.1)","(-23.0,  130.2)","(-0.001169, -0.000215)",0 m,0%,0%,1,-0.1040756031870842,Dodge Charger 2020
83,0:19:51.223025,43.14104604721069,27.027027130126953,26.178010940551758,False,6.8521518736387765,272° NW,"(  1.2,  0.0,  9.9)","( -0.0, -0.4, -0.5)","(-24.0,  130.1)","(-0.001169, -0.000224)",0 m,44%,0%,1,-0.025718288496136665,Dodge Charger 2020
84,0:19:51.722512,43.65785074234009,30.674846649169922,27.397258758544922,False,9.54007539551697,271° NW,"(  1.1, -0.1,  9.8)","( -0.0,  0.1, -0.6)","(-25.2,  130.1)","(-0.001169, -0.000235)",0 m,44%,0%,1,-0.019653644412755966,Dodge Charger 2020
85,0:19:52.227189,44.196943283081055,22.675735473632812,28.248586654663086,True,10.616401635281346,271° NW,"( -1.3, -0.0,  9.8)","(  0.0,  0.3, -1.0)","(-26.7,  130.1)","(-0.001169, -0.000249)",0 m,0%,0%,1,-0.01662595383822918,Dodge Charger 2020
86,0:19:52.734470,44.700597286224365,33.783782958984375,14.771049499511719,True,13.766060313207499,271° NW,"(  5.8,  0.1,  9.7)","( -0.0, -0.6,  1.7)","(-28.2,  130.1)","(-0.001168, -0.000263)",0 m,85%,0%,1,0.018833337351679802,Dodge Charger 2020
87,0:19:53.269908,45.241955280303955,27.855154037475586,15.313935279846191,True,18.138261079687485,273° NW,"(  0.3,  0.9,  9.8)","(  0.2,  0.1,  8.5)","(-31.1,  129.9)","(-0.001167, -0.000288)",0 m,85%,0%,1,0.07784818112850189,Dodge Charger 2020
88,0:19:53.848843,45.75070762634277,33.783782958984375,16.69449234008789,True,23.324109078818875,278° NW,"(  1.4,  3.3,  9.8)","(  2.1,  0.6, 19.6)","(-34.0,  129.5)","(-0.001162, -0.000314)",0 m,85%,0%,2,0.25762036442756653,Dodge Charger 2020
89,0:19:54.336589,46.29996418952942,28.735633850097656,16.69449234008789,True,30.96944183158581,293° NW,"(  5.1,  4.0,  9.7)","( -0.4,  0.4, 32.1)","(-37.7,  128.1)","(-0.001147, -0.000347)",0 m,48%,0%,2,0.16871672868728638,Dodge Charger 2020
90,0:19:54.878688,46.8445930480957,31.05590057373047,14.144270896911621,True,26.6255789283641,305° NW,"( -8.0,  5.5,  9.7)","(  0.5,  1.9, 35.1)","(-41.6,  125.5)","(-0.001122, -0.000381)",0 m,28%,0%,N,0.2942039966583252,Dodge Charger 2020
91,0:19:55.421120,47.36982536315918,30.95975112915039,14.66275691986084,True,22.469663889645076,323° NW,"(  1.6,  3.8,  9.8)","(  0.6, -0.7, 33.7)","(-43.4,  123.0)","(-0.001097, -0.000395)",0 m,85%,0%,N,0.2722407281398773,Dodge Charger 2020
92,0:19:55.912506,47.92819666862488,31.446542739868164,15.649452209472656,True,33.04168877435661,344° NW,"( -6.1,  8.5,  9.6)","(  1.2,  3.1, 56.8)","(-44.8,  118.5)","(-0.001056, -0.000404)",0 m,0%,69%,2,0.37732166051864624,Dodge Charger 2020
93,0:19:56.492202,48.4614040851593,29.585798263549805,14.025245666503906,True,23.15275978499591,0°  N,"( -1.6, -1.2,  9.9)","( -1.2, -0.7, -9.6)","(-44.8,  114.6)","(-0.001021, -0.000403)",0 m,85%,0%,1,-0.07851484417915344,Dodge Charger 2020
94,0:19:57.072309,49.04159069061279,29.239765167236328,14.025245666503906,True,29.929855062340952,359° NW,"(  6.7,  0.5,  9.8)","(  0.0, -0.2,  3.3)","(-44.9,  110.5)","(-0.000984, -0.000404)",0 m,85%,0%,2,0.017832081764936447,Dodge Charger 2020
95,0:19:57.578293,49.54992914199829,30.76923179626465,14.814814567565918,True,28.92789288400089,359° NW,"( -6.1,  0.2,  9.8)","(  0.1,  0.7, -0.4)","(-45.0,  106.3)","(-0.000945, -0.000404)",0 m,0%,60%,2,0.01022473257035017,Dodge Charger 2020
96,0:19:58.182756,50.121750593185425,27.397258758544922,15.432098388671875,True,22.70390635348103,360°  N,"(  0.1,  0.0,  9.8)","( -0.0, -0.3,  0.3)","(-45.0,  102.3)","(-0.000910, -0.000404)",0 m,85%,0%,N,0.0019931821152567863,Dodge Charger 2020
97,0:19:58.667801,50.638498306274414,31.152647018432617,14.367816925048828,True,33.74447465891354,360°  N,"( -2.0,  0.1,  9.8)","(  0.0,  1.6,  0.5)","(-45.0,  98.0)","(-0.000872, -0.000404)",0 m,0%,69%,2,0.0028208529110997915,Dodge Charger 2020
98,0:19:59.256802,51.20192503929138,27.548208236694336,14.66275691986084,True,24.649193524162065,360°  N,"( -8.1, -0.0,  9.8)","( -0.0,  0.7, -0.1)","(-45.0,  93.9)","(-0.000834, -0.000405)",0 m,85%,0%,1,-0.000870533986017108,Dodge Charger 2020
99,0:19:59.747764,51.71696352958679,29.940120697021484,18.050540924072266,True,22.28886974008863,360°  N,"( 13.4, -0.0,  9.8)","(  0.1, -2.3, -0.1)","(-45.0,  90.7)","(-0.000806, -0.000405)",0 m,85%,0%,2,0.00043982735951431096,Dodge Charger 2020
100,0:20:00.220704,52.22058820724487,22.52252197265625,18.050540924072266,True,34.85438307700324,360°  N,"( -3.1,  0.0,  9.8)","(  0.0,  1.6,  0.3)","(-45.1,  85.9)","(-0.000763, -0.000405)",0 m,0%,35%,2,0.0011636738199740648,Dodge Charger 2020
101,0:20:00.844922,52.74972200393677,33.67003631591797,13.368983268737793,True,24.333215415223343,360°  N,"( -6.5,  0.0,  9.8)","(  0.0,  0.5, -0.0)","(-45.1,  81.7)","(-0.000725, -0.000405)",0 m,85%,0%,1,0.000304378685541451,Dodge Charger 2020
102,0:20:01.301154,53.27361559867859,28.248586654663086,14.684288024902344,True,24.113048512827994,360°  N,"(  9.5,  0.0,  9.8)","( -0.1, -1.9,  0.1)","(-45.1,  78.2)","(-0.000696, -0.000405)",0 m,85%,0%,2,0.0024367428850382566,Dodge Charger 2020
103,0:20:01.800690,53.775208473205566,32.36246109008789,15.94896411895752,True,32.95065333314891,360°  N,"( -5.4,  0.0,  9.8)","( -0.0,  1.5, -0.1)","(-45.1,  73.8)","(-0.000654, -0.000405)",0 m,0%,69%,2,-0.0004304564790800214,Dodge Charger 2020
104,0:20:02.342271,54.310269594192505,28.32861328125,15.94896411895752,True,22.531661122715548,360°  N,"( -1.5,  0.0,  9.8)","(  0.0, -0.8, -0.0)","(-45.1,  69.9)","(-0.000619, -0.000405)",0 m,85%,0%,1,-0.0003670363512355834,Dodge Charger 2020
105,0:20:02.865159,54.87859082221985,26.595745086669922,15.037593841552734,True,27.67890357087887,360°  N,"(  6.9, -0.0,  9.8)","( -0.0, -0.3, -0.0)","(-45.1,  66.0)","(-0.000584, -0.000405)",0 m,85%,0%,2,-0.00017573311924934387,Dodge Charger 2020
106,0:20:03.446848,55.42436242103577,28.98550796508789,13.986014366149902,True,32.22522667619265,360°  N,"( -6.0, -0.0,  9.8)","( -0.0,  0.9, -0.0)","(-45.1,  61.0)","(-0.000539, -0.000405)",0 m,0%,69%,2,0.0,Dodge Charger 2020
107,0:20:03.968220,55.942949533462524,31.34796142578125,15.847861289978027,True,20.39829548636488,360°  N,"( -2.0, -0.0,  9.8)","( -0.0, -0.9,  0.1)","(-45.1,  57.4)","(-0.000507, -0.000406)",0 m,85%,0%,1,0.0008006644784472883,Dodge Charger 2020
108,0:20:04.569175,56.511330366134644,26.595745086669922,16.474464416503906,True,25.2048833157994,360°  N,"(  8.9, -0.0,  9.8)","(  0.0, -1.1, -0.0)","(-45.2,  54.3)","(-0.000479, -0.000406)",0 m,85%,0%,2,0.0,Dodge Charger 2020
109,0:20:05.079900,57.02177906036377,31.05590057373047,15.7977876663208,True,25.10195898991043,360°  N,"(-12.7, -0.0,  9.8)","( -0.0,  1.8,  0.0)","(-45.2,  50.1)","(-0.000441, -0.000406)",0 m,0%,69%,1,0.0,Dodge Charger 2020
110,0:20:05.587771,57.55225157737732,33.33333206176758,15.7977876663208,True,0.03525243039052048,360°  N,"( -0.1, -0.0,  9.8)","( -0.0, -2.0,  0.0)","(-45.2,  49.2)","(-0.000433, -0.000406)",0 m,0%,100%,1,0.0,Dodge Charger 2020
111,0:20:06.159742,58.06366443634033,33.11258316040039,15.267176628112793,True,0.0028890757082796177,360°  N,"( -0.0, -0.0,  9.9)","( -0.0, -0.1,  0.0)","(-45.2,  49.2)","(-0.000433, -0.000406)",0 m,0%,100%,1,0.0,Dodge Charger 2020
112,0:20:06.677665,58.58623123168945,32.78688430786133,15.649452209472656,True,0.0,360°  N,"(  0.0,  0.0,  9.8)","(  0.0,  0.0,  0.0)","(-45.2,  49.2)","(-0.000433, -0.000406)",0 m,0%,100%,1,0.0,Dodge Charger 2020
113,0:20:07.183616,59.13309049606323,27.932960510253906,16.556291580200195,True,0.002208450158874257,360°  N,"( -0.0,  0.0,  9.8)","( -0.0, -0.0,  0.0)","(-45.2,  49.2)","(-0.000433, -0.000406)",0 m,0%,100%,1,0.0,Dodge Charger 2020
114,0:20:07.731220,59.651991844177246,26.385223388671875,16.077171325683594,False,0.0,360°  N,"( -0.0, -0.0,  9.8)","(  0.0,  0.0,  0.0)","(-45.2,  49.2)","(-0.000433, -0.000406)",0 m,0%,100%,1,0.0,Dodge Charger 2020
115,0:20:08.281791,60.1685152053833,29.41176414489746,33.222591400146484,False,0.003502988225752853,360°  N,"( -0.0,  0.0,  9.8)","(  0.0, -0.0, -0.0)","(-45.2,  49.2)","(-0.000433, -0.000406)",0 m,0%,0%,1,0.1740809828042984,Dodge Charger 2020
116,0:20:08.794793,60.6846809387207,30.76923179626465,27.855154037475586,False,0.17317348831295515,360°  N,"( -0.0, -0.0,  9.8)","(  0.3, -0.2,  0.5)","(-45.2,  49.2)","(-0.000433, -0.000406)",0 m,53%,0%,1,0.3913734555244446,Dodge Charger 2020
117,0:20:09.289121,61.20114803314209,26.80965232849121,30.395137786865234,False,1.9795522903867504,0°  N,"(  3.0,  0.7,  9.8)","(  0.1,  0.0,  7.6)","(-45.1,  49.1)","(-0.000432, -0.000405)",0 m,64%,0%,1,0.3913734555244446,Dodge Charger 2020
118,0:20:09.829107,61.716949701309204,30.21148109436035,26.954177856445312,False,8.002658436070814,6° NE,"(  3.1,  0.6,  9.8)","( -0.0,  0.0, 13.1)","(-44.9,  48.3)","(-0.000425, -0.000403)",0 m,67%,0%,1,0.2716216444969177,Dodge Charger 2020
119,0:20:10.267527,62.22112059593201,29.498525619506836,31.152647018432617,False,14.84872633873009,15° NE,"(  3.6,  1.9,  9.8)","(  0.5,  0.1, 22.6)","(-44.5,  46.9)","(-0.000413, -0.000397)",0 m,68%,0%,1,0.2716216444969177,Dodge Charger 2020
120,0:20:10.848667,62.72945284843445,28.169015884399414,26.24671745300293,False,18.779757402802364,28° NE,"(  1.0, -0.4,  9.8)","( -1.4,  0.1, 12.8)","(-43.1,  44.4)","(-0.000391, -0.000383)",0 m,68%,0%,1,0.11067035794258118,Dodge Charger 2020
121,0:20:11.350771,63.23430132865906,26.24671745300293,25.839794158935547,False,22.612824476005024,26° NE,"(  4.8, -3.2,  9.8)","( -1.2, -1.6,-25.5)","(-41.7,  41.7)","(-0.000367, -0.000371)",0 m,68%,0%,N,-0.19335415959358215,Dodge Charger 2020
122,0:20:11.830440,63.746431827545166,28.490028381347656,29.6735897064209,False,34.30213352810962,19° NE,"(  4.2,  2.9,  9.8)","(  2.3,  0.2,  8.1)","(-40.3,  37.5)","(-0.000329, -0.000359)",0 m,79%,0%,2,0.07194208353757858,Dodge Charger 2020
123,0:20:12.334193,64.29057884216309,27.100271224975586,27.4725284576416,False,40.72102143253077,35° NE,"(  3.6, 11.3,  9.5)","(  3.0,  1.7, 58.9)","(-37.5,  32.6)","(-0.000285, -0.000332)",0 m,79%,0%,3,0.30719947814941406,Dodge Charger 2020
124,0:20:12.908320,64.79244232177734,26.109661102294922,28.248586654663086,False,45.97984538549225,64° NE,"(  3.3,  9.4,  9.5)","( -0.9,  1.2, 36.5)","(-32.5,  29.2)","(-0.000258, -0.000284)",0 m,72%,0%,3,0.13787910342216492,Dodge Charger 2020
125,0:20:13.409969,65.3323745727539,27.932960510253906,27.027027130126953,False,45.9515723425229,80° NE,"( -3.0,  4.8,  9.7)","( -1.4,  0.7, 18.5)","(-25.7,  27.4)","(-0.000244, -0.000222)",0 m,0%,0%,3,0.07194208353757858,Dodge Charger 2020
126,0:20:13.934206,65.85695672035217,23.20185661315918,24.330900192260742,False,39.57597536117876,89° NE,"( -2.9,  2.3,  9.8)","( -0.9,  0.1, 11.6)","(-19.6,  27.0)","(-0.000242, -0.000167)",0 m,0%,0%,3,0.05015605688095093,Dodge Charger 2020
127,0:20:14.476279,66.39165663719177,26.525197982788086,26.178010940551758,False,32.425370976390994,91° SE,"( -2.4,  0.1,  9.8)","( -0.4, -0.6,  1.8)","(-14.6,  27.1)","(-0.000243, -0.000122)",0 m,63%,0%,2,0.0015039155259728432,Dodge Charger 2020
128,0:20:14.990292,66.90384340286255,27.548208236694336,27.247955322265625,False,35.970399751625415,90°  E,"( -0.2,  0.2,  9.8)","(  0.5,  0.9, -1.7)","( -9.7,  27.1)","(-0.000243, -0.000079)",0 m,87%,0%,N,0.0015039155259728432,Dodge Charger 2020
129,0:20:15.433192,67.4495906829834,27.247955322265625,27.173912048339844,True,41.420553365027004,90°  E,"( -7.0,  4.7,  9.7)","(  2.0,  1.6, 26.4)","( -3.2,  27.1)","(-0.000244, -0.000020)",0 m,0%,100%,3,0.15000000596046448,Dodge Charger 2020
130,0:20:15.999816,67.9734137058258,30.030029296875,15.243902206420898,True,24.94165766006216,101° SE,"( -6.2, -2.2,  9.9)","( -1.4, -0.5,-16.6)","(  1.1,  27.8)","(-0.000252,  0.000019)",0 m,0%,100%,N,-0.16229884326457977,Dodge Charger 2020
131,0:20:16.516854,68.52113318443298,28.248586654663086,15.267176628112793,True,0.03869269697050281,97° SE,"( -0.1,  0.0,  9.8)","( -0.1, -1.8, -0.0)","(  2.0,  27.9)","(-0.000252,  0.000027)",0 m,0%,100%,1,-0.11045695841312408,Dodge Charger 2020
132,0:20:17.111715,69.02548933029175,32.467533111572266,17.985610961914062,False,0.0012845144807732598,97° SE,"( -0.0,  0.0,  9.8)","( -0.0, -0.1, -0.0)","(  2.0,  27.9)","(-0.000252,  0.000027)",0 m,0%,100%,1,-0.11384528130292892,Dodge Charger 2020
133,0:20:17.605903,69.61750411987305,33.11258316040039,18.726593017578125,True,0.0022812641808340455,97° SE,"(  0.0,  0.0,  9.8)","( -0.0, -0.0,  0.0)","(  2.0,  27.9)","(-0.000252,  0.000027)",0 m,0%,100%,1,-0.11384850740432739,Dodge Charger 2020
134,0:20:18.240455,70.14695405960083,32.57328796386719,15.0150146484375,True,0.005228085637538614,97° SE,"( -0.0, -0.0,  9.7)","( -0.0, -0.0,  0.0)","(  2.0,  27.9)","(-0.000252,  0.000027)",0 m,0%,100%,1,-0.11384613066911697,Dodge Charger 2020
135,0:20:18.731820,70.65023112297058,29.940120697021484,26.8817195892334,False,0.0021288379650463507,97° SE,"( -0.0,  0.0,  9.8)","( -0.0,  0.0, -0.0)","(  2.0,  27.9)","(-0.000252,  0.000027)",0 m,45%,0%,1,0.0015039155259728432,Dodge Charger 2020
136,0:20:19.268315,71.1767086982727,29.585798263549805,25.44529151916504,False,4.83397014856117,97° SE,"(  6.4, -0.0,  9.8)","(  0.0, -0.6, -0.1)","(  2.3,  28.0)","(-0.000252,  0.000029)",0 m,100%,0%,1,0.0015039155259728432,Dodge Charger 2020
137,0:20:19.745427,71.68335580825806,24.038461685180664,24.390243530273438,False,15.411096238536722,96° SE,"(  4.5, -0.6,  9.8)","( -0.2,  0.2, -4.7)","(  3.9,  28.1)","(-0.000254,  0.000044)",0 m,78%,0%,1,-0.05016804486513138,Dodge Charger 2020
138,0:20:20.280320,72.19847917556763,28.40909194946289,28.32861328125,False,23.321179911823997,94° SE,"( 13.3, -0.5,  9.8)","( -0.2, -2.0, -4.1)","(  6.8,  28.4)","(-0.000255,  0.000070)",0 m,100%,0%,2,-0.0287561547011137,Dodge Charger 2020
139,0:20:20.795025,72.71592855453491,28.011205673217773,27.855154037475586,False,37.1131222176745,92° SE,"(  7.7, -0.6,  9.8)","(  0.0, -0.3, -3.7)","( 11.5,  28.6)","(-0.000257,  0.000112)",0 m,100%,0%,3,-0.01662595383822918,Dodge Charger 2020
140,0:20:21.343989,73.22463631629944,27.624309539794922,27.397258758544922,False,46.03753239075146,91° SE,"(  6.4,  0.0,  9.8)","(  0.1, -0.3,  0.3)","( 17.5,  28.7)","(-0.000258,  0.000166)",0 m,100%,0%,4,0.0015039155259728432,Dodge Charger 2020
141,0:20:21.872762,73.76295781135559,27.700830459594727,28.011205673217773,False,55.298116071106215,91° SE,"(  3.9,  0.1,  9.8)","(  0.0,  0.2,  0.4)","( 25.1,  28.9)","(-0.000260,  0.000235)",0 m,68%,0%,4,0.0015039155259728432,Dodge Charger 2020
142,0:20:22.364447,74.27885890007019,28.169015884399414,28.818443298339844,False,57.27530148749912,92° SE,"( -0.2,  0.1,  9.8)","( -0.0,  0.2,  0.4)","( 33.5,  29.1)","(-0.000262,  0.000310)",0 m,37%,0%,4,0.0015039155259728432,Dodge Charger 2020
143,0:20:22.871503,74.7963399887085,27.700830459594727,27.700830459594727,False,55.013815931790084,90°  E,"( -2.5, -1.7,  9.8)","( -0.6,  0.2, -6.1)","( 41.4,  29.3)","(-0.000263,  0.000381)",0 m,0%,0%,4,-0.025718288496136665,Dodge Charger 2020
144,0:20:23.389916,75.30578517913818,29.41176414489746,25.188915252685547,False,50.37231419801572,87° NE,"( -2.4, -0.6,  9.8)","(  0.7,  0.0, -1.3)","( 48.9,  29.1)","(-0.000261,  0.000449)",0 m,0%,0%,4,0.0015039155259728432,Dodge Charger 2020
145,0:20:23.915829,75.83399415016174,29.585798263549805,26.455026626586914,False,45.537548876270115,87° NE,"( -4.1,  0.5,  9.8)","(  0.4,  0.3,  2.8)","( 56.0,  28.7)","(-0.000257,  0.000512)",0 m,0%,0%,3,0.013588975183665752,Dodge Charger 2020
146,0:20:24.441976,76.3670346736908,25.510204315185547,28.32861328125,False,39.554837621671034,87° NE,"( -2.7,  0.0,  9.8)","( -0.2,  0.1, -0.6)","( 62.1,  28.4)","(-0.000255,  0.000567)",0 m,0%,0%,3,0.0015039155259728432,Dodge Charger 2020
147,0:20:24.961408,76.87042093276978,25.906734466552734,27.100271224975586,False,31.466097492105437,88° NE,"( -4.7,  0.1,  9.8)","( -0.0, -0.1,  1.1)","( 67.2,  28.2)","(-0.000253,  0.000612)",0 m,0%,0%,2,0.0015039155259728432,Dodge Charger 2020
148,0:20:25.474690,77.38453435897827,30.21148109436035,28.901735305786133,False,25.478440486532076,88° NE,"(  0.1,  0.3,  9.8)","(  0.2, -0.7, -0.8)","( 70.9,  28.0)","(-0.000252,  0.000646)",0 m,0%,0%,N,0.013588975183665752,Dodge Charger 2020
149,0:20:26.019945,77.90366125106812,25.510204315185547,28.169015884399414,False,19.601731026800124,91° SE,"(  2.5,  0.2,  9.8)","( -0.2, -1.1,  5.0)","( 73.9,  28.1)","(-0.000252,  0.000673)",0 m,97%,0%,1,0.0317864865064621,Dodge Charger 2020
150,0:20:26.490375,78.40839457511902,29.15452003479004,29.761905670166016,False,32.26330806727745,93° SE,"( -0.4,  0.4,  9.8)","(  0.0,  2.2,  2.9)","( 77.7,  28.2)","(-0.000254,  0.000707)",0 m,100%,0%,N,0.016614176332950592,Dodge Charger 2020
151,0:20:27.000253,78.90867519378662,30.030029296875,29.069766998291016,False,43.72748324750319,94° SE,"(  5.7,  0.5,  9.8)","(  0.0,  0.1,  2.7)","( 83.1,  28.6)","(-0.000257,  0.000756)",0 m,100%,0%,3,0.010565799660980701,Dodge Charger 2020
152,0:20:27.538589,79.42339706420898,29.239765167236328,30.030029296875,False,50.87165932280602,93° SE,"(  4.8, -3.2,  9.8)","( -1.5,  0.1,-14.8)","( 89.8,  29.0)","(-0.000261,  0.000816)",0 m,100%,0%,4,-0.06256067007780075,Dodge Charger 2020
153,0:20:27.992637,79.93142414093018,28.98550796508789,28.901735305786133,False,57.00103914417219,80° NE,"(  4.0,-13.5,  9.5)","( -4.8,  1.4,-57.1)","( 97.7,  28.5)","(-0.000255,  0.000886)",0 m,100%,0%,5,-0.27651163935661316,Dodge Charger 2020
154,0:20:28.522667,80.43585348129272,30.1204833984375,29.41176414489746,False,54.033661735745305,36° NE,"( -1.3,-23.7,  8.1)","( -4.1,  8.1,-99.9)","( 104.2,  25.0)","(-0.000219,  0.000942)",0 m,100%,0%,5,-0.6876658797264099,Dodge Charger 2020
155,0:20:29.025106,80.94257640838623,28.490028381347656,25.839794158935547,False,52.16824195030669,3° NE,"(  3.8, -9.8,  9.3)","(  6.6,  0.1, -5.7)","( 107.0,  18.0)","(-0.000153,  0.000963)",0 m,100%,0%,5,-0.019653644412755966,Dodge Charger 2020
156,0:20:29.585227,81.46487927436829,30.21148109436035,27.77777671813965,False,59.004261833680516,4° NE,"(  3.6,  0.2,  9.9)","(  1.8, -0.1,  1.2)","( 107.5,   9.9)","(-0.000080,  0.000967)",0 m,100%,0%,5,0.0015039155259728432,Dodge Charger 2020
157,0:20:30.070010,81.98064136505127,25.188915252685547,25.906734466552734,False,65.81428042385046,3° NE,"(  3.7, -1.7,  9.8)","( -0.5,  0.0, -6.3)","( 108.1,   0.8)","( 0.000002,  0.000972)",0 m,100%,0%,5,-0.019653644412755966,Dodge Charger 2020
158,0:20:30.601081,82.50588059425354,29.069766998291016,28.32861328125,False,72.66749731636942,358° NW,"(  3.7, -3.8,  9.8)","( -0.7,  0.1,-13.4)","( 108.3,  -8.8)","( 0.000088,  0.000972)",0 m,100%,0%,5,-0.03484528139233589,Dodge Charger 2020
159,0:20:31.123891,83.03480863571167,26.24671745300293,26.109661102294922,False,77.7541516470282,352° NW,"(  2.9, -4.8,  9.7)","( -0.6,  0.2,-13.1)","( 107.3, -20.3)","( 0.000186,  0.000964)",0 m,100%,0%,6,-0.044019442051649094,Dodge Charger 2020
160,0:20:31.636370,83.55108761787415,28.32861328125,28.818443298339844,False,82.1137779532355,340° NW,"(  2.6,-12.0,  9.5)","( -2.7,  1.1,-35.3)","( 104.8, -31.6)","( 0.000293,  0.000939)",0 m,100%,0%,6,-0.11401398479938507,Dodge Charger 2020
161,0:20:32.162185,84.07881832122803,27.027027130126953,27.624309539794922,False,84.09706103999433,317° NW,"(  2.7,-16.5,  9.0)","( -1.4,  2.1,-41.4)","( 99.0, -42.3)","( 0.000387,  0.000884)",0 m,100%,0%,6,-0.0975353941321373,Dodge Charger 2020
162,0:20:32.679335,84.59361672401428,30.76923179626465,30.303030014038086,False,85.3131120345197,299° NW,"(  2.8,-15.7,  9.0)","(  0.3,  1.9,-36.0)","( 90.1, -50.3)","( 0.000457,  0.000802)",0 m,100%,0%,6,-0.0878409817814827,Dodge Charger 2020
163,0:20:33.178165,85.10434293746948,24.93765640258789,28.818443298339844,False,87.939766370736,283° NW,"(  2.9,-11.6,  9.3)","(  1.7,  0.8,-20.4)","( 79.0, -55.1)","( 0.000498,  0.000701)",0 m,100%,0%,6,-0.044019442051649094,Dodge Charger 2020
164,0:20:33.737035,85.62220597267151,30.487804412841797,30.95975112915039,False,91.94758598874976,272° NW,"(  2.9, -8.7,  9.5)","(  1.1,  0.5,-15.8)","( 66.1, -57.3)","( 0.000516,  0.000585)",0 m,100%,0%,6,-0.0287561547011137,Dodge Charger 2020
165,0:20:34.272761,86.1531572341919,27.4725284576416,27.700830459594727,False,96.77303011699193,266° SW,"(  2.3, -3.2,  9.8)","(  2.0,  0.3, -1.6)","( 52.1, -57.4)","( 0.000515,  0.000459)",0 m,100%,0%,6,0.004523719660937786,Dodge Charger 2020
166,0:20:34.773772,86.65739297866821,28.735633850097656,28.98550796508789,False,100.06948609309727,271° NW,"(  2.2,  6.5,  9.8)","(  3.5,  0.2, 21.3)","( 38.4, -56.9)","( 0.000511,  0.000336)",0 m,100%,0%,7,0.05943726375699043,Dodge Charger 2020
167,0:20:35.257401,87.17234110832214,27.247955322265625,27.173912048339844,False,102.9781368874945,284° NW,"(  2.2, 12.5,  9.4)","(  1.8,  1.0, 27.5)","( 24.8, -58.0)","( 0.000524,  0.000205)",0 m,100%,0%,7,0.06254854053258896,Dodge Charger 2020
168,0:20:35.804055,87.70247077941895,29.6735897064209,28.32861328125,False,105.1892646401145,296° NW,"(  2.4,  5.9,  9.6)","( -4.5, -0.2, -4.1)","(  9.7, -62.5)","( 0.000564,  0.000078)",0 m,100%,0%,7,-0.0846380814909935,Dodge Charger 2020
169,0:20:36.286130,88.2036554813385,30.21148109436035,25.57544708251953,False,106.10873918494055,272° NW,"(  1.9,-21.5,  8.8)","( -7.8,  3.2,-68.4)","( -3.8, -67.0)","( 0.000604, -0.000043)",0 m,100%,0%,7,-0.17409564554691315,Dodge Charger 2020
170,0:20:36.806599,88.7208399772644,28.901735305786133,27.397258758544922,False,101.86314890704709,249° SW,"(  3.1,-17.0,  8.6)","(  3.4, -0.2,  3.2)","(-19.5, -67.1)","( 0.000601, -0.000184)",0 m,100%,0%,7,0.10078465193510056,Dodge Charger 2020
171,0:20:37.340547,89.25825715065002,28.248586654663086,27.932960510253906,False,104.75475940089184,265° SW,"(  2.2, 12.0,  9.8)","(  7.1,  0.6, 34.1)","(-34.7, -63.9)","( 0.000573, -0.000321)",0 m,100%,0%,7,0.05324151739478111,Dodge Charger 2020
172,0:20:37.842905,89.76883053779602,32.467533111572266,31.64556884765625,False,107.18575001740457,274° NW,"(  2.4,  4.8,  9.6)","( -3.9, -0.2, -8.4)","(-49.8, -63.2)","( 0.000568, -0.000456)",0 m,100%,0%,7,-0.03484528139233589,Dodge Charger 2020
173,0:20:38.353650,90.27091765403748,26.8817195892334,28.169015884399414,False,111.03966504283943,267° SW,"(  1.7,-10.1,  9.7)","( -5.8,  0.5,-29.7)","(-64.9, -63.4)","( 0.000570, -0.000592)",0 m,100%,0%,7,-0.1378926783800125,Dodge Charger 2020
174,0:20:38.870969,90.78707909584045,31.05590057373047,30.674846649169922,False,106.87568134238153,235° SW,"(  2.8,-24.5,  8.0)","( -4.7,  5.2,-73.3)","(-79.4, -61.0)","( 0.000540, -0.000730)",0 m,100%,0%,7,-0.11736346781253815,Dodge Charger 2020
175,0:20:39.408736,91.31719064712524,26.24671745300293,31.948883056640625,False,98.15587768226526,211° SW,"(  3.2,-22.2,  8.0)","(  2.4,  0.6, -6.0)","(-92.7, -52.4)","( 0.000464, -0.000839)",0 m,100%,0%,7,0.05015605688095093,Dodge Charger 2020
176,0:20:39.914031,91.83239698410034,29.15452003479004,30.58104133605957,False,98.96265917063903,211° SW,"(  2.5, -4.4,  9.9)","(  4.5,  0.4,  0.1)","(-100.8, -41.3)","( 0.000364, -0.000911)",0 m,100%,0%,7,-0.01662595383822918,Dodge Charger 2020
177,0:20:40.423363,92.33633852005005,29.239765167236328,25.839794158935547,False,102.35700726580744,201° SW,"(  2.3,-10.4,  9.5)","( -1.6,  0.7,-25.0)","(-107.6, -28.7)","( 0.000249, -0.000970)",0 m,100%,0%,7,-0.04709017649292946,Dodge Charger 2020
178,0:20:40.951092,92.86577820777893,28.735633850097656,28.571428298950195,False,104.53328710859668,187° SW,"(  1.5,-15.7,  9.2)","( -3.2,  1.9,-41.7)","(-112.2, -14.3)","( 0.000119, -0.001010)",0 m,100%,0%,7,-0.17409564554691315,Dodge Charger 2020
179,0:20:41.484494,93.41374659538269,24.752473831176758,25.906734466552734,False,100.26922427364246,156° SE,"(  3.3,-22.7,  8.1)","( -2.0,  3.7,-50.8)","(-112.1,   1.4)","(-0.000021, -0.001005)",0 m,100%,0%,7,-0.031798332929611206,Dodge Charger 2020
180,0:20:42.048659,93.92832779884338,28.089887619018555,26.178010940551758,False,95.24660429485613,137° SE,"(  2.4,-18.1,  8.8)","(  3.3,  1.1,-15.8)","(-106.5,  13.9)","(-0.000132, -0.000952)",0 m,100%,0%,7,-0.019653644412755966,Dodge Charger 2020
181,0:20:42.516262,94.4380419254303,22.988506317138672,23.255813598632812,False,94.04537962774162,120° SE,"(  1.1,-21.1,  8.5)","( -2.6,  4.5,-67.4)","(-97.2,  23.3)","(-0.000215, -0.000866)",0 m,100%,0%,7,-0.2527843713760376,Dodge Charger 2020
182,0:20:43.098355,94.98156499862671,25.839794158935547,26.04166603088379,False,85.15851325389205,81° NE,"(  3.2,-24.3,  7.5)","(  0.5,  5.6,-61.2)","(-84.8,  28.2)","(-0.000253, -0.000753)",0 m,100%,0%,7,-0.05325353890657425,Dodge Charger 2020
183,0:20:43.591392,95.50915932655334,24.330900192260742,23.094688415527344,False,81.54339116367068,75° NE,"(  1.0,  7.8,  9.9)","( 17.5, -2.7, 79.1)","(-72.8,  26.9)","(-0.000242, -0.000653)",0 m,100%,0%,7,0.29151496291160583,Dodge Charger 2020
184,0:20:44.163210,96.04409337043762,26.3157901763916,26.525197982788086,False,75.39628307189105,122° SE,"(  1.6, 25.8,  7.8)","(  5.6,  6.7, 84.5)","(-61.3,  27.4)","(-0.000250, -0.000542)",0 m,100%,0%,7,0.23047491908073425,Dodge Charger 2020
185,0:20:44.658602,96.57488894462585,23.809524536132812,23.31002426147461,False,65.31414357821147,156° SE,"(  3.2, 22.4,  7.8)","( -0.9,  2.3, 33.9)","(-53.7,  32.8)","(-0.000302, -0.000476)",0 m,100%,0%,7,0.010565799660980701,Dodge Charger 2020
186,0:20:45.214604,97.09975671768188,28.011205673217773,26.80965232849121,False,67.39679067673312,158° SE,"(  2.5, -2.9, 10.1)","( -5.2,  0.2,-18.3)","(-49.2,  41.9)","(-0.000385, -0.000438)",0 m,100%,0%,7,-0.06256067007780075,Dodge Charger 2020
187,0:20:45.726969,97.60739302635193,24.509803771972656,24.69135856628418,False,71.31528153178981,151° SE,"(  2.2, -4.7,  9.7)","( -1.1,  0.2,-13.2)","(-44.9,  50.9)","(-0.000465, -0.000399)",0 m,100%,0%,7,-0.05016804486513138,Dodge Charger 2020
188,0:20:46.243161,98.12475538253784,27.932960510253906,27.932960510253906,False,73.86027441979127,133° SE,"(  2.0,-15.5,  9.2)","( -3.3,  2.3,-56.4)","(-38.7,  59.3)","(-0.000540, -0.000342)",0 m,100%,0%,7,-0.1556466966867447,Dodge Charger 2020
189,0:20:46.703810,98.62803173065186,23.866348266601562,25.316455841064453,False,75.01484875806624,114° SE,"(  2.4,-12.3,  9.2)","(  1.7,  1.1,-24.1)","(-31.0,  64.8)","(-0.000586, -0.000270)",0 m,100%,0%,7,-0.05016804486513138,Dodge Charger 2020
190,0:20:47.222135,99.1346173286438,25.706941604614258,25.0,False,78.46108353457925,104° SE,"(  2.3, -7.1,  9.7)","(  0.6,  0.5,-19.3)","(-19.9,  68.9)","(-0.000622, -0.000170)",0 m,100%,0%,7,-0.06256067007780075,Dodge Charger 2020
191,0:20:47.725184,99.64197182655334,22.8832950592041,23.364486694335938,False,82.3344038983791,94° SE,"(  2.3, -7.0,  9.6)","(  0.3,  0.3,-15.1)","( -9.6,  70.8)","(-0.000638, -0.000070)",0 m,100%,0%,7,-0.03484528139233589,Dodge Charger 2020
192,0:20:48.276458,100.16124439239502,25.0,23.980815887451172,False,86.34680079981844,89° NE,"(  2.3, -2.3,  9.8)","(  1.7,  0.0, -1.1)","(  3.3,  71.4)","(-0.000642,  0.000039)",0 m,100%,0%,7,0.0015039155259728432,Dodge Charger 2020
193,0:20:48.779317,100.70116472244263,23.474178314208984,24.752473831176758,False,90.8060259417276,89° NE,"(  2.4,  0.1,  9.8)","(  0.6, -0.0,  0.6)","( 15.7,  71.3)","(-0.000641,  0.000150)",0 m,100%,0%,7,0.0015039155259728432,Dodge Charger 2020
194,0:20:49.308547,101.22695660591125,26.385223388671875,24.44987678527832,False,95.18374449838362,90°  E,"(  2.3,  0.3,  9.8)","(  0.1,  0.0,  0.7)","( 29.4,  71.2)","(-0.000640,  0.000273)",0 m,100%,0%,7,0.0015039155259728432,Dodge Charger 2020
195,0:20:49.888850,101.76744890213013,23.52941131591797,23.474178314208984,False,99.62412548262878,90°  E,"(  2.3,  0.3,  9.8)","(  0.0,  0.0,  0.7)","( 45.1,  71.2)","(-0.000640,  0.000414)",0 m,100%,0%,7,0.0015039155259728432,Dodge Charger 2020
196,0:20:50.365655,102.3255717754364,26.455026626586914,26.737966537475586,False,103.85516684664809,91° SE,"(  2.3,  0.3,  9.8)","(  0.0,  0.0,  0.7)","( 61.0,  71.3)","(-0.000640,  0.000557)",0 m,100%,0%,7,0.0015039155259728432,Dodge Charger 2020
197,0:20:50.927223,102.84920263290405,24.213075637817383,26.595745086669922,False,108.23849692229507,87° NE,"(  2.0, -7.1,  9.8)","( -3.9,  0.3,-23.7)","( 75.2,  71.3)","(-0.000640,  0.000684)",0 m,100%,0%,7,-0.1007973775267601,Dodge Charger 2020
198,0:20:51.433217,103.35330843925476,28.735633850097656,28.089887619018555,False,105.91666039097285,59° NE,"(  1.2,-24.7,  8.1)","( -6.1,  5.3,-75.9)","( 91.3,  68.5)","(-0.000611,  0.000829)",0 m,100%,0%,7,-0.27651163935661316,Dodge Charger 2020
199,0:20:51.958323,103.87670731544495,27.77777671813965,29.940120697021484,False,91.72094302567102,21° NE,"(  3.8,-26.0,  8.0)","(-16.5,  1.8,-60.5)","( 103.1,  60.8)","(-0.000538,  0.000931)",0 m,100%,0%,7,-0.0287561547011137,Dodge Charger 2020
200,0:20:52.448730,104.38698744773865,29.32551383972168,29.239765167236328,False,80.3243729532777,2° NE,"(  3.1,-23.4,  8.0)","(-17.7, -5.2,-13.3)","( 108.4,  51.8)","(-0.000456,  0.000976)",0 m,100%,0%,7,0.010565799660980701,Dodge Charger 2020
201,0:20:52.993152,104.9002993106842,28.089887619018555,29.15452003479004,False,81.35530562026929,6° NE,"(  2.3,  4.1,  9.9)","(  8.3, -0.1, 18.8)","( 110.1,  39.1)","(-0.000343,  0.000990)",0 m,100%,0%,7,0.04400750622153282,Dodge Charger 2020
202,0:20:53.510694,105.43232345581055,30.58104133605957,29.069766998291016,False,85.63805882000527,4° NE,"(  1.6, -4.0,  9.8)","( -1.8,  0.3,-14.1)","( 111.4,  26.8)","(-0.000232,  0.001001)",0 m,35%,0%,7,-0.025718288496136665,Dodge Charger 2020
203,0:20:54.024385,105.94459462165833,28.901735305786133,29.940120697021484,False,84.03564558536087,358° NW,"( -1.8, -4.4,  9.7)","(  0.2,  0.3, -9.9)","( 111.7,  14.7)","(-0.000123,  0.001004)",0 m,0%,0%,6,-0.01662595383822918,Dodge Charger 2020
204,0:20:54.548856,106.46355319023132,28.901735305786133,28.089887619018555,False,81.22927254209173,356° NW,"( -1.6, -0.6,  9.8)","(  1.1, -0.0,  0.3)","( 111.1,   2.9)","(-0.000017,  0.000998)",0 m,0%,0%,6,0.0015039155259728432,Dodge Charger 2020
205,0:20:55.075178,106.98974752426147,26.109661102294922,25.906734466552734,False,77.04309635239647,356° NW,"( -2.6, -0.4,  9.8)","( -0.3,  0.1, -1.1)","( 110.4,  -8.7)","( 0.000087,  0.000991)",0 m,0%,0%,5,-0.010577559471130371,Dodge Charger 2020
206,0:20:55.588900,107.5090343952179,29.239765167236328,27.397258758544922,False,72.63217843666692,352° NW,"( -2.2, -4.9,  9.7)","( -1.5,  0.2,-17.4)","( 109.4, -19.3)","( 0.000183,  0.000982)",0 m,0%,0%,5,-0.05325353890657425,Dodge Charger 2020
207,0:20:56.115458,108.02841138839722,31.152647018432617,29.15452003479004,False,68.247485580457,344° NW,"( -2.1, -4.3,  9.7)","(  0.6,  0.1, -9.9)","( 107.4, -29.2)","( 0.000271,  0.000962)",0 m,0%,0%,5,-0.025718288496136665,Dodge Charger 2020
208,0:20:56.620624,108.53319787979126,29.761905670166016,30.1204833984375,False,64.46106076830884,339° NW,"( -2.0, -2.9,  9.8)","(  0.4,  0.1, -8.5)","( 104.5, -38.0)","( 0.000350,  0.000936)",0 m,0%,0%,5,-0.025718288496136665,Dodge Charger 2020
209,0:20:57.149445,109.05419564247131,29.6735897064209,27.932960510253906,False,60.2726723237124,332° NW,"( -4.0, -5.7,  9.8)","( -0.8,  0.7,-19.6)","( 100.8, -46.3)","( 0.000424,  0.000902)",0 m,0%,0%,4,-0.06881263852119446,Dodge Charger 2020
210,0:20:57.636256,109.55560827255249,30.58104133605957,31.05590057373047,False,54.74949397195621,322° NW,"( -2.7, -5.9,  9.7)","(  0.1,  0.3,-20.4)","( 96.5, -52.9)","( 0.000482,  0.000862)",0 m,0%,0%,4,-0.07195433229207993,Dodge Charger 2020
211,0:20:58.170278,110.07601857185364,29.069766998291016,27.4725284576416,False,49.63885348287582,311° NW,"( -2.5, -5.0,  9.7)","(  0.4,  0.3,-18.8)","( 91.6, -58.0)","( 0.000527,  0.000816)",0 m,0%,0%,4,-0.07195433229207993,Dodge Charger 2020
212,0:20:58.588943,110.5828595161438,33.222591400146484,30.1204833984375,True,44.62399104903313,305° NW,"( -8.5, -4.0,  9.7)","( -0.2,  1.0,-17.6)","( 86.1, -62.2)","( 0.000564,  0.000766)",0 m,0%,100%,3,-0.09392964839935303,Dodge Charger 2020
213,0:20:59.183503,111.15293073654175,36.630035400390625,16.36661148071289,True,26.70671274950159,295° NW,"( -6.0, -2.0,  9.7)","(  1.3, -0.3,-17.1)","( 81.5, -64.6)","( 0.000584,  0.000724)",0 m,0%,100%,N,-0.12285871058702469,Dodge Charger 2020
214,0:20:59.657786,111.6691460609436,34.60207748413086,16.977928161621094,True,0.05686524541227606,291° NW,"( -0.1,  0.0,  9.9)","(  0.1, -3.2, -0.0)","( 80.1, -65.1)","( 0.000588,  0.000711)",0 m,0%,100%,1,-0.068397156894207,Dodge Charger 2020
215,0:21:00.278426,112.18319129943848,35.71428680419922,15.94896411895752,True,0.0039039873421873976,291° NW,"( -0.0,  0.0,  9.8)","(  0.0, -0.2, -0.0)","( 80.1, -65.1)","( 0.000588,  0.000711)",0 m,0%,100%,1,-0.07040882855653763,Dodge Charger 2020
216,0:21:00.718067,112.68522143363953,33.557044982910156,18.41620635986328,True,0.002836001442772135,291° NW,"( -0.0,  0.0,  9.8)","(  0.0, -0.0,  0.0)","( 80.1, -65.1)","( 0.000588,  0.000711)",0 m,0%,0%,1,-0.05944935232400894,Dodge Charger 2020
217,0:21:01.223512,113.18991994857788,30.86419677734375,16.077171325683594,True,0.00440403541813175,291° NW,"(  0.0, -0.0,  9.9)","( -0.0, -0.0,  0.0)","( 80.1, -65.1)","( 0.000588,  0.000711)",0 m,0%,100%,1,-0.07041294872760773,Dodge Charger 2020
218,0:21:01.789442,113.69927883148193,30.76923179626465,25.773195266723633,False,0.1809316025631047,291° NW,"( -0.0, -0.0,  9.8)","( -0.0, -0.3, -0.1)","( 80.1, -65.1)","( 0.000588,  0.000711)",0 m,42%,0%,1,-0.03789747133851051,Dodge Charger 2020
219,0:21:02.308883,114.22772812843323,31.64556884765625,31.948883056640625,False,4.1027510091919135,291° NW,"(  4.0, -0.1,  9.8)","( -0.1, -0.5, -1.8)","( 79.9, -65.2)","( 0.000589,  0.000710)",0 m,88%,0%,1,-0.03789747133851051,Dodge Charger 2020
220,0:21:02.842801,114.75163912773132,29.32551383972168,29.069766998291016,False,15.43583964387513,290° NW,"(  5.9, -0.3,  9.9)","( -0.1, -0.0, -3.6)","( 78.5, -65.7)","( 0.000593,  0.000697)",0 m,88%,0%,1,-0.03789747133851051,Dodge Charger 2020
221,0:21:03.379112,115.25754380226135,28.98550796508789,30.395137786865234,False,22.25326875462507,288° NW,"(  0.6, -0.5,  9.8)","( -0.2,  0.4, -4.8)","( 75.8, -66.5)","( 0.000600,  0.000672)",0 m,87%,0%,N,-0.03789747133851051,Dodge Charger 2020
222,0:21:03.859325,115.78271675109863,31.152647018432617,29.850746154785156,False,27.859956667276776,284° NW,"( -3.2, -0.8,  9.8)","( -0.0,  0.9, -7.7)","( 71.9, -67.6)","( 0.000609,  0.000637)",0 m,0%,0%,2,-0.03789747133851051,Dodge Charger 2020
223,0:21:04.435749,116.31543803215027,30.674846649169922,31.152647018432617,False,19.194074040606637,282° NW,"( -5.9, -0.3,  9.8)","(  0.2,  0.1, -4.2)","( 68.4, -68.3)","( 0.000615,  0.000606)",0 m,1%,0%,1,-0.03789747133851051,Dodge Charger 2020
224,0:21:04.921167,116.84002804756165,27.322404861450195,27.548208236694336,False,14.856072415011662,280° NW,"(  0.8, -0.3,  9.8)","(  0.0, -0.5, -3.3)","( 66.2, -68.7)","( 0.000618,  0.000587)",0 m,46%,0%,1,-0.03789747133851051,Dodge Charger 2020
225,0:21:05.488399,117.36729097366333,30.395137786865234,24.509803771972656,False,17.808605232997778,278° NW,"(  3.0, -0.4,  9.9)","( -0.1, -0.3, -4.0)","( 63.8, -69.0)","( 0.000621,  0.000564)",0 m,67%,0%,1,-0.03789747133851051,Dodge Charger 2020
226,0:21:05.964905,117.8739275932312,28.818443298339844,26.737966537475586,True,22.12801367106778,276° NW,"(  3.9, -0.5,  9.8)","( -0.1, -0.3, -5.7)","( 61.1, -69.3)","( 0.000623,  0.000540)",0 m,76%,0%,1,-0.03789747133851051,Dodge Charger 2020
227,0:21:06.483410,118.4482946395874,32.0512809753418,19.920320510864258,True,27.601731253329543,270°  W,"( -1.6, -8.5,  9.7)","( -3.9,  1.5,-52.5)","( 57.1, -69.4)","( 0.000623,  0.000504)",0 m,62%,0%,2,-0.4245116412639618,Dodge Charger 2020
228,0:21:07.067822,118.97215700149536,31.64556884765625,16.36661148071289,True,32.50706758517171,256° SW,"( -2.1, -0.4,  9.8)","(  0.5,  1.0, -1.3)","( 52.6, -68.2)","( 0.000611,  0.000463)",0 m,0%,0%,2,-0.01662595383822918,Dodge Charger 2020
229,0:21:07.562089,119.47365999221802,34.12969207763672,16.36661148071289,True,25.7638713014523,266° SW,"(-10.6,  2.0,  9.7)","( -2.9,  1.3, 29.9)","( 48.7, -67.7)","( 0.000608,  0.000429)",0 m,85%,0%,1,0.15454712510108948,Dodge Charger 2020
230,0:21:08.082656,119.9858045578003,30.030029296875,16.155088424682617,True,25.580192305282473,272° NW,"(  6.2,  0.1,  9.8)","( -0.1, -1.3, -0.9)","( 45.4, -67.8)","( 0.000610,  0.000399)",0 m,0%,0%,2,-0.004535471089184284,Dodge Charger 2020
231,0:21:08.592623,120.56113386154175,33.33333206176758,16.611295700073242,True,24.953472491574438,271° NW,"(  4.5, -0.6,  9.8)","( -0.1, -0.9, -5.4)","( 41.6, -67.9)","( 0.000610,  0.000364)",0 m,85%,0%,2,-0.02974570170044899,Dodge Charger 2020
232,0:21:09.114377,121.07443833351135,33.67003631591797,16.722408294677734,True,33.39514169394416,270°  W,"( -2.2,  0.1,  9.8)","(  0.1,  1.3, -1.0)","( 37.0, -67.9)","( 0.000610,  0.000323)",0 m,0%,69%,2,0.00470036081969738,Dodge Charger 2020
233,0:21:09.639035,121.61001515388489,34.96503448486328,17.452007293701172,True,25.729556562662037,270°  W,"( -2.4, -0.0,  9.8)","( -0.1, -0.4,  1.7)","( 32.9, -67.9)","( 0.000610,  0.000287)",0 m,85%,0%,2,-0.0009825967717915773,Dodge Charger 2020
234,0:21:10.153296,122.11780071258545,29.940120697021484,16.0,True,30.12718756245296,270°  W,"(  6.8,  0.0,  9.8)","(  0.0, -0.7,  0.3)","( 29.1, -67.9)","( 0.000610,  0.000252)",0 m,85%,0%,2,0.0,Dodge Charger 2020
235,0:21:10.770307,122.70532441139221,34.96503448486328,16.420360565185547,True,27.085553165161325,270°  W,"( -3.4,  0.0,  9.8)","(  0.1, -0.0, -1.9)","( 24.1, -67.9)","( 0.000610,  0.000207)",0 m,33%,0%,2,0.0006155604496598244,Dodge Charger 2020
236,0:21:11.274794,123.24413084983826,28.735633850097656,17.21170425415039,True,29.56256133477801,270°  W,"(  5.3,  0.0,  9.8)","(  0.0, -0.5,  1.1)","( 19.8, -67.9)","( 0.000610,  0.000169)",0 m,85%,0%,2,0.0,Dodge Charger 2020
237,0:21:11.863329,123.76987266540527,33.557044982910156,17.95332145690918,True,27.540807602765245,270°  W,"( -4.8, -0.0,  9.8)","(  0.0,  0.3, -2.2)","( 15.3, -67.9)","( 0.000610,  0.000129)",0 m,48%,0%,2,0.0,Dodge Charger 2020
238,0:21:12.390692,124.36030149459839,33.67003631591797,16.129032135009766,True,28.653679737464454,270°  W,"(  7.0,  0.2,  9.8)","(  0.1, -0.8,  1.1)","( 10.9, -67.9)","( 0.000610,  0.000089)",0 m,85%,0%,2,0.006799092050641775,Dodge Charger 2020
239,0:21:12.948914,124.88285255432129,34.60207748413086,17.152658462524414,True,28.224621874574005,270°  W,"( -5.9, -0.0,  9.8)","(  0.1,  0.2,  0.5)","(  6.5, -67.9)","( 0.000610,  0.000049)",0 m,22%,0%,2,-0.000703921657986939,Dodge Charger 2020
240,0:21:13.491909,125.40611743927002,26.737966537475586,17.152658462524414,True,27.159136566419583,270°  W,"(  5.2,  0.0,  9.8)","( -0.1, -0.8, -0.4)","(  3.0, -68.0)","( 0.000610,  0.000018)",0 m,85%,0%,2,0.01079645287245512,Dodge Charger 2020
241,0:21:13.992031,126.00956702232361,34.364261627197266,15.06024169921875,True,31.742674248562544,271° NW,"( -5.6, -0.0,  9.8)","(  0.0,  1.1, -2.4)","( -2.2, -68.0)","( 0.000611, -0.000029)",0 m,0%,69%,2,-0.0010773526737466455,Dodge Charger 2020
242,0:21:14.574796,126.53711676597595,28.65329360961914,15.576323509216309,True,21.853341825660333,271° NW,"(  2.2,  0.0,  9.8)","(  0.0, -1.1,  0.0)","( -5.8, -68.1)","( 0.000611, -0.000061)",0 m,85%,0%,1,0.00017573311924934387,Dodge Charger 2020
243,0:21:15.049112,127.05660581588745,33.44481658935547,15.455949783325195,True,30.847056968963994,271° NW,"(  5.6, -0.0,  9.8)","( -0.0,  0.2, -0.0)","( -9.7, -68.1)","( 0.000612, -0.000096)",0 m,78%,0%,2,-0.000304378685541451,Dodge Charger 2020
244,0:21:15.650700,127.58068108558655,34.60207748413086,16.0256404876709,True,27.170740499770957,271° NW,"( -4.8,  0.0,  9.8)","(  0.0,  0.2,  0.0)","(-14.3, -68.1)","( 0.000612, -0.000138)",0 m,0%,69%,N,0.0,Dodge Charger 2020
245,0:21:16.187428,128.0921676158905,29.069766998291016,15.128592491149902,True,16.908037403758488,271° NW,"(  4.3,  0.0,  9.8)","( -0.0, -2.1, -0.0)","(-17.0, -68.2)","( 0.000612, -0.000162)",0 m,85%,0%,1,0.0,Dodge Charger 2020
246,0:21:16.689593,128.65240836143494,33.557044982910156,15.128592491149902,True,21.664566735971707,271° NW,"(  7.8, -0.0,  9.8)","( -0.0, -1.2, -0.0)","(-20.4, -68.2)","( 0.000613, -0.000192)",0 m,12%,0%,2,0.0,Dodge Charger 2020
247,0:21:17.275830,129.18184542655945,35.211265563964844,16.863407135009766,True,2.5869478420641765,271° NW,"(-26.0,  0.0,  9.3)","(  0.0,  2.5, -0.0)","(-23.0, -68.2)","( 0.000613, -0.000216)",0 m,0%,100%,1,0.0,Dodge Charger 2020
248,0:21:17.755649,129.7194266319275,33.89830780029297,18.903593063354492,True,0.008676852520270522,271° NW,"( -0.0, -0.0,  9.8)","( -0.0, -0.4,  0.0)","(-23.0, -68.2)","( 0.000613, -0.000216)",0 m,0%,100%,1,0.0,Dodge Charger 2020
249,0:21:18.316068,130.2254502773285,32.78688430786133,17.761987686157227,True,0.0,271° NW,"(  0.0,  0.0,  9.8)","(  0.0,  0.0,  0.0)","(-23.0, -68.2)","( 0.000613, -0.000216)",0 m,0%,100%,1,0.0,Dodge Charger 2020
250,0:21:18.782122,130.73397660255432,36.3636360168457,17.123287200927734,True,0.0105905847359683,271° NW,"(  0.0, -0.0,  9.8)","(  0.0, -0.0,  0.0)","(-23.0, -68.2)","( 0.000613, -0.000216)",0 m,0%,0%,1,-0.0015156649751588702,Dodge Charger 2020
251,0:21:19.344594,131.25699996948242,37.5939826965332,18.587360382080078,False,0.004398637765228312,271° NW,"(  0.0, -0.0,  9.8)","( -0.0, -0.0, -0.0)","(-23.0, -68.2)","( 0.000613, -0.000216)",0 m,0%,0%,1,0.0015039155259728432,Dodge Charger 2020
252,0:21:19.843731,131.76271677017212,32.57328796386719,29.761905670166016,False,8.755410366658902e-05,271° NW,"( -0.0,  0.0,  9.9)","( -0.0, -0.0,  0.0)","(-23.0, -68.2)","( 0.000613, -0.000216)",0 m,0%,0%,1,0.0015039155259728432,Dodge Charger 2020
253,0:21:20.369850,132.2804033756256,28.089887619018555,28.32861328125,False,0.0021554831824435036,271° NW,"(  0.0, -0.0,  9.8)","(  0.0,  0.0,  0.0)","(-23.0, -68.2)","( 0.000613, -0.000216)",0 m,0%,0%,1,0.0015039155259728432,Dodge Charger 2020
254,0:21:20.893459,132.80509662628174,33.003299713134766,32.15434265136719,False,0.0008577577717441959,271° NW,"( -0.0, -0.0,  9.8)","(  0.0, -0.0,  0.0)","(-23.0, -68.2)","( 0.000613, -0.000216)",0 m,0%,0%,R,0.0015039155259728432,Dodge Charger 2020
255,0:21:21.423217,133.32992315292358,29.15452003479004,33.003299713134766,False,0.0012788430702214263,271° NW,"( -0.0, -0.0,  9.8)","(  0.0, -0.0, -0.0)","(-23.0, -68.2)","( 0.000613, -0.000216)",0 m,0%,0%,R,0.0015039155259728432,Dodge Charger 2020
256,0:21:21.953644,133.89646983146667,34.60207748413086,34.722225189208984,False,0.0007124805617724522,271° NW,"( -0.0,  0.0,  9.8)","(  0.0, -0.0, -0.0)","(-23.0, -68.2)","( 0.000613, -0.000216)",0 m,0%,0%,R,0.0015039155259728432,Dodge Charger 2020
257,0:21:22.491234,134.40715169906616,31.05590057373047,27.173912048339844,False,0.0007094764811266233,271° NW,"(  0.0, -0.0,  9.8)","(  0.0, -0.0, -0.0)","(-23.0, -68.2)","( 0.000613, -0.000216)",0 m,0%,0%,R,0.0015039155259728432,Dodge Charger 2020
258,0:21:23.026972,134.93747735023499,37.31343078613281,31.74603271484375,False,0.0007118454703696865,271° NW,"( -0.0, -0.0,  9.8)","(  0.0,  0.0,  0.0)","(-23.0, -68.2)","( 0.000613, -0.000216)",0 m,0%,0%,R,0.0015039155259728432,Dodge Charger 2020
259,0:21:23.548992,135.45939469337463,27.4725284576416,27.932960510253906,False,0.0006714019703544036,271° NW,"( -0.0, -0.0,  9.9)","( -0.0,  0.0,  0.0)","(-23.0, -68.2)","( 0.000613, -0.000216)",0 m,0%,0%,R,0.0015039155259728432,Dodge Charger 2020
260,0:21:24.092544,135.97154021263123,31.74603271484375,30.21148109436035,False,0.0027374860088223946,271° NW,"( -0.0, -0.0,  9.9)","( -0.0, -0.0, -0.0)","(-23.0, -68.2)","( 0.000613, -0.000216)",0 m,0%,0%,R,0.35280051827430725,Dodge Charger 2020
261,0:21:24.586112,136.49701595306396,28.571428298950195,28.011205673217773,False,0.00012606825868323405,271° NW,"( -0.0, -0.0,  9.8)","(  0.0,  0.0, -0.0)","(-23.0, -68.2)","( 0.000613, -0.000216)",0 m,0%,0%,R,0.6876087784767151,Dodge Charger 2020
262,0:21:25.115769,137.00016283988953,29.850746154785156,29.239765167236328,False,0.8112244075745774,270°  W,"( -2.4, -1.1,  9.8)","( -0.4,  0.5, -4.6)","(-23.0, -68.2)","( 0.000613, -0.000216)",0 m,74%,0%,R,0.6876087784767151,Dodge Charger 2020
263,0:21:25.599669,137.51305723190308,27.855154037475586,27.77777671813965,False,5.91268501483112,263° SW,"( -1.3,  0.4,  9.8)","(  0.9, -0.2,-24.6)","(-22.5, -68.1)","( 0.000610, -0.000211)",0 m,0%,0%,R,0.6876087784767151,Dodge Charger 2020
264,0:21:26.158243,138.04240942001343,27.700830459594727,27.77777671813965,False,4.249316286660957,251° SW,"(  0.9,  0.8,  9.7)","( -0.1, -0.1,-17.0)","(-21.7, -67.9)","( 0.000607, -0.000203)",0 m,0%,0%,R,0.6876087784767151,Dodge Charger 2020
265,0:21:26.649819,138.56431698799133,28.32861328125,27.4725284576416,False,2.0264385406557746,244° SW,"(  0.2,  0.2,  9.8)","( -0.4,  0.2, -9.2)","(-21.3, -68.0)","( 0.000606, -0.000199)",0 m,40%,0%,R,0.6876087784767151,Dodge Charger 2020
266,0:21:27.169015,139.0763738155365,31.25,30.86419677734375,False,3.177276602867716,239° SW,"(  0.0,  0.9,  9.7)","(  0.6, -0.2,-11.7)","(-20.9, -68.0)","( 0.000606, -0.000195)",0 m,0%,0%,R,0.619932234287262,Dodge Charger 2020
267,0:21:27.665945,139.57994961738586,29.32551383972168,27.548208236694336,False,1.285067136475409,236° SW,"(  0.5,  0.4,  9.8)","( -0.2, -0.2, -1.6)","(-20.6, -68.1)","( 0.000607, -0.000192)",0 m,0%,0%,R,0.07825939357280731,Dodge Charger 2020
268,0:21:28.221176,140.10194873809814,30.395137786865234,29.585798263549805,False,1.1111657264291714,236° SW,"(  0.8, -0.0,  9.8)","( -0.0, -0.1,  1.1)","(-20.4, -68.2)","( 0.000608, -0.000191)",0 m,34%,0%,R,-0.0015156649751588702,Dodge Charger 2020
269,0:21:28.751327,140.63268280029297,30.1204833984375,27.77777671813965,False,2.343825342086433,236° SW,"( -1.4, -0.0,  9.8)","( -0.0,  0.1, -0.2)","(-20.3, -68.3)","( 0.000609, -0.000189)",0 m,36%,0%,R,-0.004535471089184284,Dodge Charger 2020
270,0:21:29.228664,141.15161728858948,31.74603271484375,30.487804412841797,False,3.6153867510232702,236° SW,"( -1.0, -0.0,  9.8)","( -0.0,  0.0,  0.2)","(-19.9, -68.6)","( 0.000611, -0.000186)",0 m,37%,0%,R,-0.004535471089184284,Dodge Charger 2020
271,0:21:29.759250,141.67233657836914,31.34796142578125,26.80965232849121,False,4.045257896890816,236° SW,"(  1.0, -0.0,  9.8)","( -0.0, -0.2,  0.1)","(-19.4, -68.9)","( 0.000614, -0.000182)",0 m,0%,0%,R,-0.004535471089184284,Dodge Charger 2020
272,0:21:30.290865,142.20252466201782,31.64556884765625,31.54574203491211,False,2.439037077269333,236° SW,"(  0.7, -0.0,  9.8)","( -0.0,  0.0,  0.1)","(-19.0, -69.2)","( 0.000616, -0.000178)",0 m,0%,0%,R,-0.004535471089184284,Dodge Charger 2020
273,0:21:30.801677,142.72141456604004,32.15434265136719,27.77777671813965,False,0.00312706574951023,236° SW,"(  0.0, -0.0,  9.8)","(  0.0,  0.2,  0.0)","(-19.0, -69.2)","( 0.000617, -0.000178)",0 m,0%,87%,R,0.0015039155259728432,Dodge Charger 2020
274,0:21:31.332750,143.2440812587738,30.395137786865234,29.850746154785156,False,0.00021366240063274322,236° SW,"(  0.0, -0.0,  9.8)","( -0.0,  0.0, -0.0)","(-19.0, -69.2)","( 0.000617, -0.000178)",0 m,0%,85%,R,-0.301914244890213,Dodge Charger 2020
275,0:21:31.851487,143.7652997970581,31.152647018432617,27.77777671813965,False,0.0006622194364667128,236° SW,"(  0.0, -0.0,  9.8)","(  0.0,  0.0, -0.0)","(-19.0, -69.2)","( 0.000617, -0.000178)",0 m,0%,0%,R,-0.6876658797264099,Dodge Charger 2020
276,0:21:32.347538,144.26720261573792,32.36246109008789,33.67003631591797,False,0.1264374510172764,236° SW,"( -0.1,  0.1,  9.8)","( -0.0,  0.1,  0.5)","(-19.0, -69.2)","( 0.000617, -0.000178)",0 m,42%,0%,R,-0.6876658797264099,Dodge Charger 2020
277,0:21:32.892562,144.77043676376343,28.248586654663086,28.818443298339844,False,1.163427203640435,236° SW,"( -0.4,  0.2,  9.8)","(  0.1,  0.0,  3.7)","(-18.9, -69.3)","( 0.000617, -0.000177)",0 m,45%,0%,R,-0.6876658797264099,Dodge Charger 2020
278,0:21:33.374367,145.3006432056427,29.940120697021484,31.25,False,3.530690738505323,241° SW,"( -1.6,  0.4,  9.8)","(  0.1,  0.1, 15.1)","(-18.7, -69.6)","( 0.000621, -0.000176)",0 m,42%,0%,R,-0.6876658797264099,Dodge Charger 2020
279,0:21:33.901861,145.81978511810303,26.178010940551758,25.706941604614258,False,5.730935047506931,251° SW,"( -1.3, -0.2,  9.8)","( -0.3, -0.0, 24.6)","(-18.2, -70.1)","( 0.000627, -0.000172)",0 m,42%,0%,R,-0.6876658797264099,Dodge Charger 2020
280,0:21:34.516177,146.39682126045227,24.2718448638916,25.188915252685547,False,8.020854554747691,264° SW,"(  0.6, -2.6,  9.8)","(  0.5, -0.6,  5.0)","(-17.2, -70.6)","( 0.000633, -0.000163)",0 m,0%,0%,R,-0.1007973775267601,Dodge Charger 2020
281,0:21:35.052212,146.9314033985138,29.15452003479004,25.773195266723633,False,0.06921089752598489,266° SW,"(  7.0, -0.1,  9.8)","(  0.3, -1.0, -0.0)","(-16.4, -70.6)","( 0.000634, -0.000156)",0 m,0%,44%,R,-0.010577559471130371,Dodge Charger 2020
282,0:21:35.580818,147.47397089004517,27.700830459594727,31.25,False,0.002183105198727581,266° SW,"(  0.0,  0.0,  9.8)","(  0.0,  0.1, -0.0)","(-16.4, -70.6)","( 0.000634, -0.000156)",0 m,0%,96%,R,-0.013600742444396019,Dodge Charger 2020
283,0:21:36.092567,148.00080347061157,29.498525619506836,29.585798263549805,False,0.0020563031588560193,266° SW,"(  0.0,  0.0,  9.9)","(  0.0,  0.0, -0.0)","(-16.4, -70.6)","( 0.000634, -0.000156)",0 m,0%,96%,R,-0.013600742444396019,Dodge Charger 2020
284,0:21:36.605025,148.51166915893555,28.490028381347656,31.54574203491211,False,0.0018834184262919013,266° SW,"( -0.0, -0.0,  9.9)","(  0.0,  0.0,  0.0)","(-16.4, -70.6)","( 0.000634, -0.000156)",0 m,0%,69%,1,0.26681557297706604,Dodge Charger 2020
285,0:21:37.143648,149.0283658504486,25.641027450561523,26.737966537475586,False,0.004671009189016314,266° SW,"(  0.0, -0.0,  9.8)","( -0.0, -0.0,  0.0)","(-16.4, -70.6)","( 0.000634, -0.000156)",0 m,0%,0%,1,0.6876087784767151,Dodge Charger 2020
286,0:21:37.676333,149.56390690803528,27.397258758544922,31.25,False,1.0360464696844829,266° SW,"(  2.8,  1.1,  9.8)","(  0.7, -0.4,  6.9)","(-16.4, -70.7)","( 0.000634, -0.000156)",0 m,57%,0%,1,0.6876087784767151,Dodge Charger 2020
287,0:21:38.201575,150.09157419204712,28.40909194946289,26.04166603088379,False,4.822196549996393,272° NW,"(  1.3,  1.0,  9.8)","( -0.3,  0.3, 21.8)","(-16.9, -70.8)","( 0.000637, -0.000160)",0 m,2%,0%,1,0.6876087784767151,Dodge Charger 2020
288,0:21:38.686515,150.60321736335754,26.66666603088379,27.77777671813965,False,4.093735453848031,281° NW,"( -1.5, -1.2,  9.6)","(  3.3, -2.0,  4.5)","(-17.5, -71.1)","( 0.000640, -0.000166)",0 m,0%,0%,1,0.23047491908073425,Dodge Charger 2020
289,0:21:39.217324,151.13045835494995,28.089887619018555,27.4725284576416,False,2.287092589768655,282° NW,"( -0.4,  0.2,  9.7)","(  0.9, -0.6, -1.8)","(-18.0, -71.2)","( 0.000641, -0.000170)",0 m,0%,0%,1,-0.12412142008543015,Dodge Charger 2020
290,0:21:39.732099,151.64081573486328,28.32861328125,27.100271224975586,False,1.479227291927743,280° NW,"( -0.1,  0.4,  9.8)","(  0.0, -0.1, -2.7)","(-18.2, -71.2)","( 0.000640, -0.000172)",0 m,0%,0%,1,-0.3126072883605957,Dodge Charger 2020
291,0:21:40.265692,152.15013575553894,30.303030014038086,30.21148109436035,False,0.6584106171827684,279° NW,"( -0.8,  0.2,  9.9)","( -4.7,  2.7, -0.4)","(-18.4, -71.2)","( 0.000641, -0.000174)",0 m,0%,0%,1,-0.16662567853927612,Dodge Charger 2020
292,0:21:40.751313,152.66028451919556,29.498525619506836,26.385223388671875,False,0.19055062352582391,279° NW,"(  0.6, -0.4,  9.5)","( -1.8, -0.5,  0.0)","(-18.3, -71.2)","( 0.000642, -0.000174)",0 m,1%,0%,1,-0.16662567853927612,Dodge Charger 2020
293,0:21:41.285554,153.16803669929504,29.32551383972168,30.674846649169922,False,0.37626220619750333,279° NW,"(  0.4, -0.6, 10.1)","( -0.9, -0.2, -1.7)","(-18.4, -71.2)","( 0.000642, -0.000174)",0 m,37%,0%,1,-0.16662567853927612,Dodge Charger 2020
294,0:21:41.789217,153.70042157173157,30.76923179626465,26.3157901763916,False,1.752336904872756,278° NW,"(  0.5, -0.3,  9.6)","( -5.3,  3.2, -1.4)","(-18.5, -71.3)","( 0.000642, -0.000175)",0 m,43%,0%,1,-0.16662567853927612,Dodge Charger 2020
295,0:21:42.314132,154.23233366012573,28.735633850097656,28.901735305786133,False,2.223128035712611,277° NW,"(  0.2,  1.9, 11.4)","( 31.3,-12.6, -3.1)","(-18.8, -71.3)","( 0.000642, -0.000178)",0 m,10%,0%,1,-0.16662567853927612,Dodge Charger 2020
296,0:21:42.842440,154.76002621650696,27.548208236694336,24.81389617919922,False,1.4396549120339563,276° NW,"( -0.8,  0.2, 10.0)","( -2.8,  1.9, -1.3)","(-19.1, -71.3)","( 0.000641, -0.000180)",0 m,5%,0%,1,-0.16662567853927612,Dodge Charger 2020
297,0:21:43.404748,155.28554248809814,30.395137786865234,28.089887619018555,False,0.5064926846820822,276° NW,"( -0.5,  0.1,  9.8)","( -0.1, -0.1,  0.1)","(-19.2, -71.3)","( 0.000641, -0.000182)",0 m,5%,0%,1,-0.19731424748897552,Dodge Charger 2020
298,0:21:43.885303,155.79358625411987,26.66666603088379,29.940120697021484,False,0.26249387845448807,276° NW,"(  1.3, -0.1,  9.9)","( -0.3, -0.4, -1.4)","(-19.3, -71.3)","( 0.000641, -0.000182)",0 m,47%,0%,1,-0.2668341398239136,Dodge Charger 2020
299,0:21:44.392843,156.29532933235168,29.32551383972168,29.850746154785156,False,3.0017933153673555,275° NW,"(  0.6, -0.1,  9.8)","(  0.1,  0.1, -4.5)","(-19.5, -71.3)","( 0.000641, -0.000184)",0 m,48%,0%,1,-0.2527843713760376,Dodge Charger 2020
300,0:21:44.931519,156.80978775024414,24.330900192260742,28.248586654663086,False,4.4484954505401975,272° NW,"( -0.9,  0.3,  9.8)","(  0.0,  0.3, -1.8)","(-20.1, -71.2)","( 0.000640, -0.000190)",0 m,0%,0%,1,-0.06881263852119446,Dodge Charger 2020
301,0:21:45.415460,157.32517504692078,28.98550796508789,29.41176414489746,False,0.0044432550127151945,272° NW,"( -0.0,  0.0,  9.8)","( -0.0, -0.3,  0.0)","(-20.3, -71.2)","( 0.000640, -0.000191)",0 m,0%,79%,1,0.07194208353757858,Dodge Charger 2020
302,0:21:45.924276,157.83745789527893,27.247955322265625,26.3157901763916,False,0.000314754946877305,272° NW,"(  0.0,  0.0,  9.8)","( -0.0, -0.0, -0.0)","(-20.3, -71.2)","( 0.000640, -0.000191)",0 m,0%,92%,1,0.0317864865064621,Dodge Charger 2020
303,0:21:46.447658,158.35944294929504,29.41176414489746,30.95975112915039,False,0.00020421582712597613,272° NW,"( -0.0,  0.0,  9.8)","( -0.0, -0.0,  0.0)","(-20.3, -71.2)","( 0.000640, -0.000191)",0 m,0%,92%,1,0.013588975183665752,Dodge Charger 2020
304,0:21:46.972712,158.88444089889526,26.80965232849121,26.737966537475586,False,0.00017862358453159702,272° NW,"(  0.0,  0.0,  9.8)","(  0.0, -0.0,  0.0)","(-20.3, -71.2)","( 0.000640, -0.000191)",0 m,0%,92%,1,0.013588975183665752,Dodge Charger 2020
305,0:21:47.499787,159.40802216529846,32.0512809753418,31.152647018432617,False,0.00016551473680407344,272° NW,"(  0.0,  0.0,  9.8)","(  0.0, -0.0,  0.0)","(-20.3, -71.2)","( 0.000640, -0.000191)",0 m,0%,80%,1,0.013588975183665752,Dodge Charger 2020
306,0:21:48.007305,159.92834067344666,26.525197982788086,31.54574203491211,False,0.0010695595636663416,272° NW,"( -0.0,  0.0,  9.8)","(  0.0, -0.0,  0.0)","(-20.3, -71.2)","( 0.000640, -0.000191)",0 m,0%,0%,1,0.013588975183665752,Dodge Charger 2020
307,0:21:48.527394,160.4412248134613,30.76923179626465,31.74603271484375,False,0.0007638177413617629,272° NW,"( -0.0,  0.0,  9.8)","(  0.0, -0.0,  0.0)","(-20.3, -71.2)","( 0.000640, -0.000191)",0 m,0%,0%,1,0.013588975183665752,Dodge Charger 2020
308,0:21:49.068448,160.9499204158783,29.498525619506836,25.906734466552734,False,0.001238382943216703,272° NW,"(  0.0,  0.0,  9.9)","( -0.0, -0.0,  0.0)","(-20.3, -71.2)","( 0.000640, -0.000191)",0 m,0%,0%,1,0.010565799660980701,Dodge Charger 2020
309,0:21:49.591392,161.47541165351868,32.57328796386719,32.894737243652344,False,0.0015906609393104363,272° NW,"(  0.0,  0.0,  9.7)","(  0.0, -0.0,  0.0)","(-20.3, -71.2)","( 0.000640, -0.000191)",0 m,0%,0%,1,0.010565799660980701,Dodge Charger 2020
310,0:21:50.076410,161.9886224269867,36.630035400390625,24.330900192260742,False,0.0027536023079792957,272° NW,"( -0.0,  0.0,  9.9)","( -0.0, -0.0,  0.0)","(-20.3, -71.2)","( 0.000640, -0.000191)",0 m,0%,0%,1,0.010565799660980701,Dodge Charger 2020
311,0:21:50.604055,162.5097770690918,32.15434265136719,32.15434265136719,False,0.001298269198764514,272° NW,"( -0.0,  0.0,  9.8)","(  0.0,  0.0,  0.0)","(-20.3, -71.2)","( 0.000640, -0.000191)",0 m,0%,0%,1,0.010565799660980701,Dodge Charger 2020
312,0:21:51.120707,163.0299654006958,29.6735897064209,34.843204498291016,False,0.0031977160165389293,272° NW,"( -0.0,  0.0,  9.8)","( -0.0,  0.0,  0.0)","(-20.3, -71.2)","( 0.000640, -0.000191)",0 m,0%,0%,1,0.010565799660980701,Dodge Charger 2020
313,0:21:51.640529,163.553701877594,32.25806427001953,32.894737243652344,False,0.002861829875784058,272° NW,"(  0.0,  0.0,  9.8)","(  0.0, -0.0,  0.0)","(-20.3, -71.2)","( 0.000640, -0.000191)",0 m,0%,0%,1,0.010565799660980701,Dodge Charger 2020
314,0:21:52.168619,164.07458662986755,29.41176414489746,28.735633850097656,False,0.00044630572604456743,272° NW,"(  0.0,  0.0,  9.8)","(  0.0,  0.0,  0.0)","(-20.3, -71.2)","( 0.000640, -0.000191)",0 m,0%,0%,1,0.010565799660980701,Dodge Charger 2020
315,0:21:52.676385,164.58167028427124,33.003299713134766,33.11258316040039,False,0.0012137483065440872,272° NW,"( -0.0,  0.0,  9.8)","( -0.0, -0.0,  0.0)","(-20.3, -71.2)","( 0.000640, -0.000191)",0 m,0%,0%,1,0.010565799660980701,Dodge Charger 2020
316,0:21:53.203160,165.11277985572815,28.901735305786133,28.735633850097656,False,0.0014785028364020395,272° NW,"(  0.0,  0.0,  9.8)","(  0.0, -0.0,  0.0)","(-20.3, -71.2)","( 0.000640, -0.000191)",0 m,0%,0%,1,0.010565799660980701,Dodge Charger 2020
317,0:21:53.758093,165.64375233650208,32.467533111572266,32.25806427001953,False,0.0030213087164731364,272° NW,"( -0.0,  0.0,  9.8)","( -0.0, -0.0,  0.0)","(-20.3, -71.2)","( 0.000640, -0.000191)",0 m,0%,0%,1,0.010565799660980701,Dodge Charger 2020
318,0:21:54.225691,166.14580368995667,26.8817195892334,26.737966537475586,False,0.0030722485024117525,272° NW,"( -0.0,  0.0,  9.8)","( -0.0, -0.0,  0.0)","(-20.3, -71.2)","( 0.000640, -0.000191)",0 m,0%,0%,1,0.010565799660980701,Dodge Charger 2020
